xgboost_score,xgboost_ci_lower,xgboost_ci_upper,randomforest_score,randomforest_ci_lower,randomforest_ci_upper,lightgbm_score,lightgbm_ci_lower,lightgbm_ci_upper,ensemble_score,ensemble_ci_lower,ensemble_ci_upper,iso3,country_name,xgboost_rank,randomforest_rank,lightgbm_rank,ensemble_rank
10.675975,6.798346,17.291311,10.929671230546157,9.033955254831564,12.82538720626075,11.373725248985838,6.78897811778445,19.665002238091063,11.088274143601016,7.352564383258379,17.36167573662024,SOM,Somalia,195,195,195,195
12.758278,12.158838,19.322636,14.202530100222832,11.12704467076201,17.278015529683657,13.408034304783172,11.483906020364659,18.96489309052769,13.444219150713897,11.563423745896515,18.63260934034345,CAF,Central African Republic,194,194,194,194
15.693606,14.733712,20.178053,16.194937412080396,14.360225065459664,18.02964975870113,15.701229972377343,14.172900455138143,19.69333350620537,15.822750933370756,14.35993454302151,19.398592418333386,GNQ,Equatorial Guinea,193,193,193,193
18.50893,18.3229,20.747765,18.095886694276153,16.24743718263499,19.944336205917317,17.765535548043548,18.017859169621964,20.507288098508393,18.03397199916552,17.65151407349341,20.426669247584112,TCD,Chad,192,192,192,192
19.509745,17.295506,21.535408,18.986323413689774,16.181764948574514,21.790881878805035,18.886148622306916,17.51214766456945,21.508151779574845,19.067091325617163,17.125391450348765,21.585648364493565,ERI,Eritrea,190,191,191,191
19.068104,18.783134,22.608192,21.08141994151737,18.244391414842326,23.918448468192416,20.52561148002048,18.033201125795365,23.395051747283432,20.300186672960383,18.27348203172057,23.329186101651732,HTI,Haiti,191,189,189,190
20.811066,20.170868,25.234219,21.27994548663255,17.614177984603348,24.94571298866175,20.147938199683804,19.58639141150795,25.023962649698667,20.596721889957074,19.23945718188528,25.0569642213678,YEM,Yemen,189,188,190,189
21.984005,19.879192,23.079988,20.938340546967012,18.74358827443731,23.133092819496714,21.541002037891047,20.216234455896124,23.711871293933424,21.501087399278585,19.763812384631123,23.409205971744456,TKM,Turkmenistan,187,190,187,188
20.884974,17.609238,24.276403,21.48250582327719,18.836612705830465,24.128398940723915,22.352839817312404,17.870633351024686,24.853407560017896,21.768289745975743,18.046779269694568,24.527904371970934,GNB,Guinea-Bissau,188,187,185,187
22.462587,20.439844,24.792196,21.547705262473084,19.420124803963475,23.675285720982693,21.822730177982137,20.52681330895728,24.038760052803873,21.913938243751186,20.22839888833694,24.13625052509854,COD,"Congo, The Democratic Republic of the",185,186,186,186
22.227678,19.05178,23.914253,21.931704359860266,19.6884078804435,24.175000839277033,22.82047472409541,20.022027318838475,23.50506086740674,22.45008302675032,19.696060804701013,23.77484395223845,AFG,Afghanistan,186,185,184,185
22.73626,20.232172,27.052345,24.82397921985103,18.76789331766449,30.880065122037568,21.525248647400257,19.321581072167547,27.671887403333994,22.65268399377519,19.41080686858217,28.319046301146116,VEN,"Venezuela, Bolivarian Republic of",184,181,188,184
23.840849,23.73987,25.775806,24.282511736503505,22.070331158077327,26.494692314929683,23.76565752265995,23.560725966239332,26.46725951507334,23.91366892613822,23.23291329049178,26.30125444301958,COG,Congo,183,182,183,183
24.152304,20.836315,26.930578,22.739913571142228,20.575638527833537,24.90418861445092,24.681271443062585,22.023428738715594,26.87882597925107,24.063690038236526,21.364702790073505,26.398104701191144,PRK,"Korea, Democratic People's Republic of",182,184,181,182
24.474716,23.732874,25.47208,23.609171418011712,20.96927120667073,26.249071629352695,24.425019508840272,22.239933817109563,26.81064757125129,24.233481655553923,22.295503189378955,26.335611750642038,SSD,South Sudan,181,183,182,181
26.533794,24.26829,26.771658,25.27821735954298,23.143981669141862,27.4124530499441,26.3508700321396,24.64155500702025,27.06491724463721,26.12843795672459,24.173845312305602,27.07848637073603,SDN,Sudan,176,180,179,180
26.281408,25.634815,27.027237,25.90506445672279,24.15721497762286,27.65291393582272,26.48591187394082,24.914278114951767,26.52440987513939,26.28957412863524,24.905146605897713,26.932242656144517,AGO,Angola,177,179,176,179
26.223454,25.119682,27.579515,26.260086019778228,23.37985261048308,29.140319429073376,26.351985934771548,25.687386189721394,27.975185750470313,26.296877852762456,24.968576825484394,28.16755159679183,BDI,Burundi,178,178,178,178
26.140614,25.192028,29.470295,27.407940589020253,25.466719553447135,29.34916162459337,26.082736334542165,24.638609611526523,30.000581412242855,26.428506703503203,24.98399170553862,29.70515485036792,COM,Comoros,180,176,180,177
26.149117,24.801825,29.339865,27.070853689949352,24.902693618283898,29.239013761614807,26.430740063968834,23.998647337180557,29.34419588241678,26.52036258350008,24.425453215586792,29.316817564320836,MRT,Mauritania,179,177,177,176
27.189268,25.17223,29.020365,27.72994683754968,25.39916339669557,30.06073027840379,26.97786224091261,26.08525157792643,29.39554579037384,27.21873485788938,25.685474079848532,29.468046655126003,GIN,Guinea,175,175,175,175
27.87276,26.211323,29.958754,28.051550176053823,25.719201699702758,30.383898652404888,27.610999736351257,25.738579036227534,29.95958769542543,27.786577605365355,25.851920639145415,30.065456907267794,MLI,Mali,173,174,174,174
28.607985,22.71919,31.508251,28.76755565391959,25.26869142949348,32.2664198783457,27.90756866775124,23.032830686062383,33.43316981648199,28.297669383067188,23.513385849788108,32.66025267537381,SLE,Sierra Leone,171,172,173,173
27.842512,27.498516,32.174156,29.2306554116681,26.876399402685674,31.584911420650524,28.178017064560134,27.543482038028127,31.984064994711318,28.357300417881422,27.365469890376403,31.931799399759505,NER,Niger,174,170,172,172
28.782793,27.775505,31.95766,29.15022496705045,26.989332433052034,31.311117501048862,28.406812404194092,28.056526030055366,32.62986658116283,28.686660705120644,27.719472389770182,32.13212783460584,GAB,Gabon,170,171,171,171
28.331968,26.948227,31.599804,29.6218885563601,25.988322332965637,33.255454779754565,29.06424310113445,26.749303436886873,31.316788102989513,29.02058576653103,26.60878903386258,31.872208727573536,MOZ,Mozambique,172,166,170,170
29.42493,27.287024,29.51626,28.722591760500634,26.94320668456695,30.50197683643432,29.24740189100513,27.013696276356953,30.475067013762782,29.160581528755166,27.064405695398097,30.242092752763654,ZWE,Zimbabwe,168,173,168,169
29.312681,28.951273,32.98195,30.87749704531645,28.519626592127036,33.23536749850586,29.10023584294699,29.09651348454326,32.252537645076394,29.597662482332638,28.915981631422774,32.680597910299426,NIC,Nicaragua,169,163,169,168
29.727015,26.791283,31.906876,29.48028572340028,26.981940047986843,31.978631398813715,29.671400297109233,27.65587268367169,31.661718036463384,29.63752521481118,27.271242017284703,31.802235770523012,MMR,Myanmar,167,169,167,167
30.01612,26.8287,30.468767,29.534652223272946,26.848570247084087,32.2207341994618,29.89316845681175,27.322277830372006,30.768843298601414,29.834277511885247,27.080456254941645,31.056796990700583,LAO,Lao People's Democratic Republic,166,167,165,166
31.22953,28.114075,32.598495,29.52804050213926,27.588950858574385,31.467130145704132,29.832634493665175,28.64532852941278,32.60248848684557,30.10570995598557,28.248420656107804,32.31765065069843,CMR,Cameroon,161,168,166,165
30.157627,29.77391,33.32394,30.94880875295034,28.992820688497368,32.904796817403316,29.985344861485657,29.892388465878604,33.08253914605327,30.26928139540864,29.63787703567888,33.098453846652376,DJI,Djibouti,165,162,164,164
30.862103,26.531319,31.073174,30.04613045471184,27.158992605577346,32.93326830384633,31.16100832792984,26.678042353942097,31.51948701526163,30.807562404779112,26.761598994503082,31.761353964329704,SYR,Syrian Arab Republic,164,165,162,163
32.11634,26.982832,32.58724,30.480105629261445,28.126406242758286,32.833805015764604,30.671536476081528,26.755234082686478,32.590913726726555,30.98487980465788,27.154926590771822,32.65071769524632,TJK,Tajikistan,160,164,163,162
32.4028,30.835644,33.73685,32.13530237486662,29.897298030498618,34.37330671923462,31.39807324663364,31.039953476642943,33.580119970474364,31.83356259545144,30.703212188023763,33.81759934967718,BFA,Burkina Faso,158,159,161,161
31.194118,30.04938,34.6415,33.054703216825004,30.007629630754273,36.101776802895735,31.6223711611246,29.362575899339657,35.03515879540165,31.87339100970751,29.69554019454711,35.20339823984321,CIV,Côte d'Ivoire,162,155,160,160
30.935501,27.943157,35.040947,31.79532868027031,28.90842431769417,34.68223304284645,32.69545177651784,28.237078980056673,35.68594425896113,32.0304333329847,28.33143486846311,35.27376713030448,PNG,Papua New Guinea,163,161,158,159
32.415863,26.078066,59.231888,34.36515913987996,25.66150127084485,43.06881700891506,31.81530680481262,25.611013907068,53.536800092991506,32.60290894665364,25.740398739293312,52.343576253070225,TUV,Tuvalu,157,149,159,158
32.38977,27.956564,35.98691,32.88065663832553,29.66207064036974,36.099242636281325,32.809315796670155,27.74035120773019,36.28660524403478,32.722264684869586,28.274834251353774,36.16484122450814,LBR,Liberia,159,157,157,157
32.90146,31.497557,36.218388,33.44012119860464,31.01807039338389,35.86217200382539,33.11972580646144,31.502310068947825,35.77063307760409,33.145257887940474,31.38006180442023,35.90545644069834,GMB,Gambia,155,153,154,156
33.474495,30.271904,36.048214,33.343214711774394,30.66786861878552,36.01856080476327,32.95740475697193,30.212401992861086,35.98074520406923,33.18312978995007,30.34114414905173,36.007066292910494,MDG,Madagascar,154,154,156,155
33.549892,30.20629,34.3669,33.00766298316515,30.225187860838147,35.79013810549215,33.14483082676734,31.29480337986522,34.58929064714563,33.21180426555924,30.755270977987607,34.833905199372126,SWZ,Eswatini,152,156,153,154
32.77196,31.940313,35.938755,32.784691460981605,30.42732164435396,35.14206127760925,33.73875740664912,32.267088847317865,36.07257804475281,33.25854187160951,31.725453169555774,35.80649310062881,NGA,Nigeria,156,158,150,153
33.609123,28.544586,34.57592,31.82526996892821,27.166895138824046,36.483644799032376,33.89150966929048,27.859936876830208,34.87678255587655,33.30435313437241,27.857838768531273,35.203282503941494,LBY,Libya,151,160,149,152
33.53056,32.71658,37.038486,33.99463334730598,31.06828202123556,36.920984673376395,33.053881653310015,32.20191341188857,35.72365733942602,33.40823904843023,32.04717207056714,36.35169645823533,BEN,Benin,153,150,155,151
34.02866,31.874142,35.039524,33.5501154619881,31.15317667215937,35.94705425181683,33.65297205586559,32.52285102910653,35.14503101772146,33.72117984856898,32.018255105871916,35.31916009140722,KHM,Cambodia,150,152,152,150
34.41919,32.983185,37.9887,35.34648102474113,32.52096846867154,38.17199358081072,33.685923214916066,32.66628443974521,37.88547565154082,34.284379226924564,32.70918054065377,37.9829114376479,KGZ,Kyrgyzstan,149,147,151,149
34.698376,33.084103,34.780212,33.64772877097489,31.752253899681076,35.5432036422687,34.59743707771856,33.58505285713367,34.875815527080825,34.38524465707908,33.00161556114091,35.01876177469353,UGA,Uganda,148,151,147,148
35.26731,33.33047,37.63983,35.24631931527234,32.61875494157158,37.873883688973095,34.07497585152883,33.470353346668475,37.752460779554724,34.66589552863035,33.22248316843172,37.75465919776282,TGO,Togo,146,148,148,147
35.075935,32.038647,38.585503,36.19096802727655,33.54581681655639,38.836119237996705,35.0132402157914,31.11322116328897,38.85823506452766,35.323345955657224,31.952726460283095,38.78452299789094,KNA,Saint Kitts and Nevis,147,144,146,146
35.522236,34.984653,38.229572,36.343311724479925,34.50405365712528,38.18256979183457,35.662750493414784,34.67594665579823,38.63266239983645,35.79776214541771,34.710150110405536,38.41936672191251,BOL,"Bolivia, Plurinational State of",144,142,145,145
35.944023,26.641932,39.388847,35.917567152094,32.66946173033783,39.16567257385017,35.953334190218406,27.822248993274165,40.78551718630867,35.94206466621375,28.73897281267491,40.03138857438543,MHL,Marshall Islands,143,146,144,144
36.139404,33.9146,40.762596,36.108560091469606,32.39850367052604,39.81861651241317,36.03639146069487,33.810892811442876,40.355444704428784,36.080186827433586,33.48372241643156,40.32302551291046,MWI,Malawi,141,145,142,143
36.53954,34.43763,36.966957,36.21073225012369,34.25474995066824,38.16671454957914,35.95766550536786,34.694228547813715,37.03734469571874,36.16640064950441,34.52020918650068,37.30209025832544,TZA,"Tanzania, United Republic of",139,143,143,142
35.484493,30.602694,39.3975,36.484643107615156,32.39999684446475,40.56928937076556,36.57163854377861,30.444109838959154,40.84034846743139,36.278103362696896,30.972727520030574,40.41187134752525,LSO,Lesotho,145,141,141,141
36.085796,33.79205,42.781986,36.557149271836295,33.45575390689215,39.65854463678044,36.81267158800709,33.56347152307524,43.97263993173693,36.56707220101291,33.5936865902504,42.59645268420664,AND,Andorra,142,140,140,140
36.51391,34.58454,40.342243,37.46394628632586,34.83475541562988,40.093137157021836,36.83054937620691,34.66585817772959,40.61995164830078,36.90973835624253,34.68775327297246,40.41882091205086,GTM,Guatemala,140,138,139,139
37.822205,35.609425,40.80444,38.32116531266686,35.65441487339812,40.987915751935596,37.71887837581859,35.897778938292056,40.9579595249404,37.89528166353695,35.76484933526167,40.927068586623534,HND,Honduras,137,137,137,138
37.522186,36.129517,41.664516,39.28088866560787,36.44535177125935,42.11642555995639,38.04489603175353,36.16952043123934,41.82098725615913,38.22321675210294,36.228477308825134,41.85572913031231,SLV,El Salvador,138,133,136,137
38.69532,37.073,41.536053,39.79217158692256,37.08030003069998,42.50404314314513,38.339930083108115,37.32346672210877,42.2572161054703,38.79183797063333,37.200058834122444,42.13863201448579,ZMB,Zambia,134,131,135,136
38.82897,35.854614,42.08633,39.2793419608729,35.54739850177954,43.011285419966256,38.93007326572336,35.95078728232494,43.630795260837374,38.99211508877815,35.82589683106048,43.089801588864844,SLB,Solomon Islands,133,134,134,135
37.981995,37.540386,43.433086,40.12784668554524,37.68477822525338,42.57091514583709,39.231139765947084,37.14337026790193,43.5683783333778,39.14303021158641,37.3779762402521,43.28518955196409,SUR,Suriname,136,128,132,134
38.996277,37.304977,40.623226,39.364083235553316,36.11092427637481,42.61724219473182,39.216742485403984,36.70232266471013,41.62350540393136,39.19846126545751,36.70513675569681,41.62186979209151,RWA,Rwanda,132,132,133,133
39.927525,34.061634,40.403503,37.10823586897863,34.12249974777713,40.09397199018014,40.01587150501399,34.76294607792455,40.222105983531094,39.26687586141425,34.42750649183673,40.23542184380276,ETH,Ethiopia,131,139,130,132
38.57363,33.735527,68.940704,45.51257773229713,34.28564894743974,56.739506517154524,37.28149846377786,33.30254445210672,69.18716129630198,39.66230148661849,33.65656622255685,66.0136333638654,NRU,Nauru,135,104,138,131
40.515163,35.339867,41.641045,38.8045455336051,36.28440875242196,41.32468231478824,40.227721534185434,37.15926765620046,41.48375178929389,39.94378800590171,36.48570267575162,41.48330762751881,IRQ,Iraq,127,135,129,130
41.24661,34.257957,41.50438,38.47266143043521,35.337118819136805,41.608204041733615,40.36207564926639,35.30991608132456,42.29483748428415,40.11085536577471,35.053727110070504,41.92556457069071,UZB,Uzbekistan,123,136,128,129
40.05844,36.24982,46.222744,41.44119289021179,37.35118256461323,45.53120321581034,39.93859003705115,35.89895435009373,47.45990213410388,40.34420353160587,36.3497279935073,46.6684378680138,BLZ,Belize,129,122,131,128
40.002586,29.618525,43.293507,39.907103385357395,34.68828059526174,45.12592617545305,40.816432571123606,28.549920664731413,44.00621755605834,40.38563872308767,30.351661619029038,44.107966977471044,PLW,Palau,130,130,120,127
40.78801,38.2238,41.754932,40.15824345576667,38.06169125655496,42.25479565497839,40.79833929420237,38.606880034050754,41.0233967765515,40.63573292193152,38.37481299595903,41.51413040291146,PAK,Pakistan,125,127,121,126
40.525833,29.868309,45.30582,40.04656291824697,35.36879045265109,44.72433538384285,41.039296623221325,30.225207515827535,46.85435097247652,40.6627473236431,31.42187862632556,45.93471444847094,ATG,Antigua and Barbuda,126,129,118,125
40.171604,37.247723,42.945885,40.33548788339456,37.647706216290636,43.02326955049849,41.31852197176733,35.249418610647204,42.894279332128676,40.786033995855846,36.34856651582936,42.93942822983642,TLS,Timor-Leste,128,126,117,124
40.929497,39.751778,42.8091,41.230262210391174,38.5723222272281,43.88820219355425,40.73878172771001,39.484983706980195,44.568229389388655,40.909330607736976,39.32351682252857,43.95844051926697,KEN,Kenya,124,125,122,123
41.76776,35.39299,44.122856,41.29020451573588,37.29654333580237,45.28386569566939,40.57011156840817,36.16292068686113,44.3986643363542,41.049547220755244,36.25384370545733,44.55101262712863,CUB,Cuba,117,123,123,122
41.878086,38.454453,45.296406,41.72219209640662,39.011563276436014,44.43282091637723,40.44677867765115,38.25571344235264,45.08740037566681,41.1234588854492,38.49436066894744,44.97600686498679,VUT,Vanuatu,116,120,125,121
41.43516,38.53747,45.859047,42.290032837685786,39.11678435920538,45.46328131616619,40.554638711701436,39.08244706189561,46.43036510088602,41.20861796291621,38.95478756355921,46.04576461349335,FJI,Fiji,121,117,124,120
41.533348,35.33133,51.74513,41.25515489113805,36.65396351979443,45.856346262481665,41.024511626686404,35.39897599609812,50.58997744440136,41.209381557001734,35.69581121442345,49.69535744571905,KIR,Kiribati,120,124,119,119
41.39759,40.745747,45.97206,43.28521741425561,39.99131477085642,46.579120057654805,40.41106908530311,41.39000813739724,45.634444261918695,41.37623655551721,40.879269414549924,45.95501743467969,SEN,Senegal,122,113,126,118
41.583897,38.81272,42.747467,41.60343427031767,39.44247699341657,43.76439154721877,41.63625393663619,39.959994260424565,42.73635755467946,41.61495969513824,39.543796691676775,42.996143424398326,NPL,Nepal,119,121,115,117
41.646835,40.20513,53.293674,45.088517024827965,41.355735912251454,48.821298137404476,40.36512763444151,40.63828528011907,53.60160393447689,41.86640190521485,40.70935950081282,52.3295451188381,DMA,Dominica,118,106,127,116
41.936478,40.0375,47.26577,42.30878172687679,38.86637949755982,45.751183956193756,41.8959529313844,39.85576443492588,46.99779119639465,42.00929131269459,39.653851710383165,46.753134076869785,DOM,Dominican Republic,115,116,113,115
42.35541,37.397606,44.851414,41.88854280497576,37.64229551515773,46.1347900947938,42.3807189153417,37.57260369233835,44.1156503022115,42.25134804130005,37.546277198957625,44.804376106505856,AZE,Azerbaijan,114,119,112,114
42.401974,35.829678,43.810425,42.3218168587154,37.896480287160564,46.74715343027024,42.425775063785316,36.278769342441294,44.80588868718442,42.39383517766282,36.57092413845757,45.04233890233165,BLR,Belarus,112,115,111,113
42.362507,39.445873,48.59656,44.36323964625992,40.75029811155152,47.97618118096832,41.56735725607913,39.9781915722894,47.91742851253221,42.46511525621831,40.03813862915709,48.10189990947938,NAM,Namibia,113,109,116,112
42.41891,38.302364,46.32597,42.27187568501694,38.65544219861526,45.88830917141861,42.73281309073181,37.866494915804395,46.64267147899239,42.539103211676284,38.17269909489732,46.37490545636207,PRY,Paraguay,111,118,107,111
42.73222,41.813133,49.95772,45.003530973485056,41.4172581504453,48.58980379652481,42.44056889284552,42.180112554995006,49.80514557296899,43.15422211380525,41.89765412504535,49.539454163166965,GHA,Ghana,110,107,110,110
43.763588,39.98855,44.185898,42.36420737149491,39.97802708523259,44.75038765775724,43.4695732933539,41.30824824892265,43.777895178752914,43.266735477465716,40.64576796547162,44.12301896060288,BGD,Bangladesh,107,114,104,109
44.116592,39.941418,52.232925,45.797142157917534,41.38990950346963,50.20437481236544,41.67880648791708,40.046890511179555,53.41921775778907,43.31783688524456,40.356277054980126,52.318933935745655,CPV,Cabo Verde,105,101,114,108
43.121864,40.66628,44.925777,43.75953427479367,41.181464029542006,46.33760452004534,43.19850743546722,43.03039032016033,45.77001353513321,43.31960336614394,41.977130877243496,45.70085225640362,LBN,Lebanon,108,111,106,107
42.93447,41.198654,48.67616,45.53948251880789,41.859215277480985,49.21974976013479,42.45304133579481,40.96425915772273,48.59354358182409,43.34500908019215,41.24659694193278,48.77074895720307,GUY,Guyana,109,103,109,106
44.347664,42.669605,52.814144,46.59747661700251,42.85797222229041,50.33698101171462,42.578808668409906,43.315892976546344,52.51159620478743,44.025689458304214,43.03984085762751,52.043579388952736,SYC,Seychelles,104,98,108,105
44.105965,37.718254,53.46917,44.07469075631721,39.56946809173474,48.57991342089968,44.215398111143415,38.35668890841712,53.893047520659366,44.15286290981214,38.50027499948111,52.45879451972941,FSM,"Micronesia, Federated States of",106,110,102,104
45.02847,40.012104,46.802605,43.39830250189159,40.15740994831386,46.63919505546932,44.62955231226526,40.28498045091353,47.01279986811597,44.421469053028865,40.184868721141186,46.86684986674855,DZA,Algeria,103,112,101,103
45.230915,44.342773,51.84161,46.81450615053221,43.3010505450393,50.32796175602512,44.193517972418285,43.64428445218929,51.75923276764689,45.108114291237214,43.73309822172946,51.42200931153822,BWA,Botswana,102,96,103,102
45.641247,41.326324,46.821896,44.90161996901779,41.89440030132198,47.908839636713594,45.27144897730835,42.67951535291675,47.867354607145,45.2714411798222,42.14493886751153,47.6163611125922,EGY,Egypt,98,108,96,101
45.83149,39.75128,50.049442,46.77489335345879,44.349765952658984,49.2000207542586,44.68246215303874,39.70040439468051,49.938054598449526,45.49282680563114,40.87546412007532,49.78139306060436,GRD,Grenada,96,97,100,100
45.98078,44.57665,48.146988,46.184848441278575,44.21632958616833,48.15336729638882,44.961764492525525,45.24235057174514,47.93265931942332,45.522289745376355,44.819419860454204,48.04141846256863,BIH,Bosnia and Herzegovina,95,99,98,99
45.425797,43.53222,47.046566,45.43218090327086,42.80196851413803,48.06239329240369,45.911045048172,43.90338500547916,46.544080398219364,45.670016877100984,43.535239364550456,47.04928002459098,MDV,Maldives,101,105,92,98
48.398727,43.52218,50.462696,47.89501403709278,45.035338585291605,50.75468948889395,43.25752177271124,43.735779638334094,52.816396428725334,45.70219624987686,44.00726912796553,51.71254460544601,LCA,Saint Lucia,82,92,105,97
45.604546,44.993378,50.56109,48.174959547569664,45.12128546894042,51.228633626198906,44.93417900714166,45.76727489719451,50.54281948850249,45.91196578877867,45.41230323721908,50.7188402913039,ALB,Albania,99,89,99,96
45.42924,45.286907,50.299477,47.0638468249491,43.39142713358923,50.73626651630897,45.82905368926053,44.71992782045817,51.58000724414604,46.03779884597252,44.52954749263762,51.048939407034055,XKX,Kosovo,100,95,93,95
46.184853,44.92364,50.17768,46.0218877904604,42.69905160355831,49.344723977362484,46.246825856497715,44.56768357844425,48.57771487593104,46.175098025888374,44.189514991320195,49.16945867461571,BHR,Bahrain,93,100,88,94
45.793266,43.464043,53.145275,50.501133659433464,44.161328857323234,56.84093846154369,44.96524812971325,44.21850136448746,54.08789624344879,46.556224053811675,44.0155935624681,54.540501516102026,JAM,Jamaica,97,75,97,93
46.07623,44.511703,52.17224,48.542870736881035,44.58085392905393,52.50488754470814,46.168226976491255,44.738024928872804,52.826058809579386,46.738888446330634,44.642151819502615,52.58231159370111,MNG,Mongolia,94,85,90,92
46.41779,44.340622,48.90593,45.69929378720557,43.35567137342884,48.0429162009823,47.42032574367905,44.70782361723288,48.49631509609141,46.73943368344804,44.2779851390342,48.4853689896487,VNM,Viet Nam,92,102,84,91
46.610683,46.556065,50.483498,48.385289397814816,45.95318229460812,50.81739650102151,46.21018851415722,46.5724513957496,49.6632169058701,46.85408746682283,46.413537422955045,50.156831983097646,ARM,Armenia,90,87,89,90
47.033894,44.54895,52.350464,49.25032785502753,46.1250162678539,52.375639442201155,45.814860757867265,45.0396143832248,53.23945437331372,46.97848573899178,45.188298807403996,52.80125301400402,PAN,Panama,88,82,94,89
46.49728,45.41181,49.67075,48.38387696332963,45.74686793882289,51.020885987836365,46.74832024670482,46.080382820173234,49.70777082008163,47.094449394397216,45.82986135194565,50.02679432307656,ECU,Ecuador,91,88,86,88
50.74445,41.30035,52.28787,47.14868468671101,42.21479592927899,52.08257344414302,45.63379157684071,40.01926985681094,52.34686650247263,47.29017936396773,40.888421458027466,52.266043737211035,STP,Sao Tome and Principe,69,94,95,87
46.883717,46.660748,51.144043,49.58112373118789,46.31221617010398,52.850031292271794,46.40703745493907,46.19322202461805,51.22405120365773,47.319728806079496,46.33985193685406,51.61054416708431,MDA,"Moldova, Republic of",89,80,87,86
47.781887,45.061832,49.261166,47.96398871422905,45.02178558888269,50.90619183957541,47.68904305487106,44.79580486883893,49.24681130501162,47.78099046960362,44.91880693863476,49.66524501712378,PHL,Philippines,84,91,82,85
48.985966,43.975086,58.09322,50.04589841414775,45.57400492264634,54.51779190564916,46.082720242128,44.13042201011094,57.81871668922707,47.799326156790876,44.45248378875661,57.062111260295836,TON,Tonga,78,78,91,84
47.659977,45.339115,49.80498,47.27880891533288,44.67379467844245,49.883823152223314,48.29380763417526,44.937011748718575,49.67412292400107,47.88160028572797,44.97173332967546,49.75926255797872,KAZ,Kazakhstan,85,93,78,83
47.15824,47.296703,52.46274,50.09026108224155,45.947330056297055,54.23319210818604,47.14439830009164,47.64017633673564,53.374813502326774,47.88432473859937,47.131096517097845,53.36139024116156,MNE,Montenegro,86,77,85,82
47.035717,42.104156,53.499382,48.599131518909616,44.68116484896752,52.51709818885171,48.03184807544628,43.47304506315445,53.98527040803191,47.924636170075054,43.43285286735426,53.496755255989626,IRN,"Iran, Islamic Republic of",87,84,80,81
48.753845,46.102177,49.51369,48.047865045023656,45.65962534547832,50.43610474456899,47.62353114576763,46.117449920836926,49.09648330881456,48.012193137850666,45.999175463352984,49.53569057767111,LKA,Sri Lanka,79,90,83,80
48.264465,46.276165,50.302364,48.42024902920467,46.114166432306185,50.72633162610315,48.04034128997089,46.156080231171785,49.870196074064125,48.191349235294425,46.17562297579867,50.19227203089916,UKR,Ukraine,83,86,79,79
48.70781,42.273216,63.618763,52.15474232384787,47.698836765201136,56.610647882494604,47.919951500894655,38.926948937798464,63.283332137023336,49.17561369346984,41.956487722089165,61.699018781628,SMR,San Marino,81,66,81,78
49.194794,46.984474,51.276535,49.02549890585543,46.13243966019336,51.918558151517495,49.26109363476049,47.069941886535844,52.07733074916717,49.18561996913708,46.81419940384849,51.83743867100788,OMN,Oman,76,83,77,77
48.98616,48.818455,52.739357,50.92639192673544,48.68709205275038,53.1656918007205,49.426484705731745,48.81326042197325,52.26652031342125,49.691380404129816,48.783016909782134,52.60952235554798,ZAF,South Africa,77,74,75,76
49.439907,48.922318,56.34746,51.792304985465904,48.177245254774576,55.40736471615723,49.273545831076625,49.0135345934012,55.226738506598544,49.94482593039844,48.781657986614945,55.55207585744844,TUR,Türkiye,74,70,76,75
50.181126,49.30281,55.655365,52.06501808302248,48.896025369660414,55.234010796384545,49.597811772248434,49.280532542443844,54.809078628299574,50.36044181709711,49.18997528087334,55.12688326080451,GEO,Georgia,73,68,73,74
49.27205,49.513603,61.857464,53.419208200119115,49.92273746740205,56.91567893283618,49.56435382728599,49.28842934280419,60.76795325340603,50.4549912012216,49.50329984086491,60.07726231907954,BRB,Barbados,75,58,74,73
50.572876,43.461098,52.548267,49.43319070273533,46.13003613893377,52.736345266536894,50.923429518355796,44.92415953392402,52.26506546834199,50.46323142900235,44.85986323101674,52.453685891930704,BTN,Bhutan,71,81,68,72
50.261204,47.671688,56.3008,50.187438049182276,48.07780295899216,52.297073139372394,50.737706230075446,48.78251194680286,53.14370546225505,50.481013568800584,48.328628733107976,53.72132109684222,QAT,Qatar,72,76,70,71
48.719345,47.46527,57.49245,53.105587529482115,48.80565621390756,57.40551884505667,50.46562500133915,47.026164884889575,58.913654083712366,50.68904565623346,47.58081424494512,58.18131943164818,VCT,Saint Vincent and the Grenadines,80,60,72,70
51.055,46.956036,51.4729,49.92026557827971,47.67168629141627,52.16884486514315,51.03610020736586,47.36581114366575,51.48501325437951,50.7618665745468,47.33983604819036,51.65294294113179,JOR,Jordan,65,79,66,69
50.88376,49.0669,59.431347,52.019987981674724,48.26661664858713,55.77335931476232,50.846387378666705,49.35232280113856,58.96473517545291,51.14913032098251,49.00954014920288,58.28354413974468,WSM,Samoa,67,69,69,68
50.718285,50.58192,55.864662,52.23493894627411,49.64650053543491,54.823377357113316,50.98562545955657,50.78794766742746,55.96960996269661,51.23111861808021,50.45107912351728,55.65681486322917,PER,Peru,70,64,67,67
50.89065,48.542084,53.296967,51.29048145477127,48.73604731838162,53.84491559116091,51.46630802117562,49.045746927824005,53.47719235375606,51.278437300000846,48.842406228566006,53.52406671285185,THA,Thailand,66,71,65,66
50.83175,50.810738,57.231735,53.33028293614209,49.7465123566586,56.91405351562558,50.62158729485256,50.65231143994807,56.808162280414,51.351301622062394,50.46546821160452,56.940528326486444,MKD,North Macedonia,68,59,71,65
51.325714,48.36108,53.309517,51.25654996555166,48.75126353954444,53.76183639155889,52.628930658780575,48.45088054442316,52.987084133909136,51.96003134861024,48.503526199517125,53.26138039152886,MAR,Morocco,64,72,60,64
51.54486,45.933266,56.238865,51.1982838984165,47.58252346526804,54.81404433156496,52.78328828723632,47.789955321541626,55.84428059894045,52.07743032818322,47.273924948596616,55.68536760703188,SAU,Saudi Arabia,62,73,59,63
52.007843,50.490967,52.96833,52.078115695900344,49.48120594593027,54.67502544587042,52.249442199421296,51.32586220394118,53.198273716238894,52.14621077808026,50.6559742876719,53.50997581541225,TUN,Tunisia,60,67,62,62
51.538944,51.160286,61.4994,53.781130107406895,49.72652918572802,57.83573102908577,51.80443880359151,50.37485976895735,59.88827803692352,52.23223798974367,50.40913366833744,59.777922048865534,MUS,Mauritius,63,56,64,61
51.79358,51.11503,57.645832,53.9499195715369,49.84059211075623,58.05924703231757,51.81172563666146,51.25124537225523,57.05581578495833,52.34173748660558,50.864527809153586,57.45417766600045,ARG,Argentina,61,55,63,60
52.99095,51.54844,56.02401,52.923758773496466,50.21706461539032,55.63045293160261,52.40442752843037,51.98104447500139,55.72838745345147,52.68089134211078,51.431898147818,55.77780938577385,SRB,Serbia,56,62,61,59
52.517105,50.6682,53.711674,52.42461808272892,49.98969041598225,54.859545749475586,52.98763691995838,50.46593049831034,53.286258235493456,52.729249256296185,50.39743821478403,53.785933989258695,IDN,Indonesia,58,63,58,58
52.086678,52.346664,55.927425,54.333354256512436,50.50538500865752,58.16132350436735,52.99306955930108,52.43221215028044,55.67738600303715,53.10154273159603,51.929118434482334,56.36088022374078,COL,Colombia,59,52,56,57
53.838936,50.79131,58.31753,53.634116969176816,50.177129891775714,57.09110404657792,52.98957027295543,50.343400060905125,57.10039187574742,53.36304834178462,50.41380984256885,57.40235484594153,TTO,Trinidad and Tobago,53,57,57,56
53.994923,48.599754,54.51902,52.182918384004935,49.835777907020415,54.530058860989456,54.06619900681491,49.623357793388195,54.39655048602867,53.57755975889355,49.42056195682322,54.4605449784033,KWT,Kuwait,52,65,54,55
53.428898,47.413284,57.43821,53.99194426743785,50.669486085831046,57.31440244904466,53.54394343881908,48.34044615155658,57.98953844925082,53.62718225068551,48.69091567267551,57.682922220309436,RUS,Russian Federation,54,54,55,54
52.900867,48.05933,57.221878,53.08351015315684,49.229674782992994,56.93734552332068,54.81161498278781,49.254251052422525,55.73858956244383,53.901901895222665,48.94937671860258,56.409100674991535,ARE,United Arab Emirates,57,61,52,53
53.30574,52.587837,60.343407,57.38780758664754,53.21339006805809,61.56222510523699,54.27938841714707,53.323029840892,60.977578637884,54.813081194346736,53.11182174227008,60.96519726456277,CRI,Costa Rica,55,51,53,52
55.422237,51.601025,57.90402,54.134720323791065,50.63793310431397,57.63150754326816,55.67193448957029,52.009495218714605,57.823852018214936,55.22520667479297,51.56448704235718,57.79580749544941,BRN,Brunei Darussalam,51,53,51,51
55.984413,56.87794,67.28747,59.715079759887935,56.13679889231547,63.2933606274604,56.4826593433443,56.38879239688818,66.0161909979269,57.1662028983873,56.4480812044209,65.6533026449643,MLT,Malta,50,47,50,50
56.77418,56.455276,60.94398,59.14914572367749,56.586923542357376,61.71136790499761,56.67056067812404,56.718341687243615,60.02120452890018,57.3161121114731,56.619720851525614,60.67443953336307,BGR,Bulgaria,47,50,49,49
56.449303,55.976913,65.20424,60.793277133636934,56.93760252019538,64.6489517470785,56.77271903115694,56.050290053977754,64.31905071309636,57.69700446732267,56.25377402007483,64.6228230162182,LVA,Latvia,48,43,48,48
57.199883,56.80915,63.276558,59.68013505185555,55.96874064106888,63.391529462642225,57.27026476009381,56.69543399978862,63.60022370754533,57.85513676984185,56.542189834111724,63.46713370002404,HUN,Hungary,46,48,47,47
56.121117,49.72416,67.464264,59.644550204890194,52.2577045983061,67.03139581147428,58.83583329893567,50.70038392301884,65.99723382112185,58.35933336023628,50.84565792126661,66.6225318424334,BHS,Bahamas,49,49,46,46
57.836678,58.166195,67.08493,61.08174086044129,57.75776330334629,64.40571841753629,59.01295187870743,57.849708453455825,65.98144402903958,59.23608054228143,57.90584378150736,65.86338422388434,URY,Uruguay,45,41,45,45
58.558556,56.223743,59.183296,60.51791831568599,54.560740254606145,66.47509637676583,59.97899663173806,57.083642652355046,59.02925744149002,59.75861679554737,56.23794224950923,60.92922686583979,MYS,Malaysia,44,46,40,44
59.283688,59.181343,64.93127,60.91511305384919,57.83423195985442,63.99599414784396,59.434505117808946,59.07778183637835,62.62141804188306,59.76695272025495,58.7927846778061,63.542524254069505,HRV,Croatia,41,42,42,43
60.158127,57.8531,60.631634,60.572391165359235,57.02284142264729,64.12194090807118,59.31009798726752,57.106538176739264,60.86523485041436,59.83767849273724,57.27225439978096,61.621011091861206,MEX,Mexico,37,45,44,42
59.184956,59.303234,65.11248,61.475747689414455,57.940670389717376,65.01082498911154,59.76265386123323,58.879441981036884,65.13785057086777,60.046502752201185,58.75069711303323,65.09975157360532,SVK,Slovakia,42,39,41,41
59.905544,58.376972,63.556904,60.748151290511075,58.233121402865805,63.263181178156344,60.01516851048171,58.714786963483405,62.23495631201687,60.17100814812008,58.509916882079736,62.82249941032535,ROU,Romania,39,44,39,40
60.06427,59.419277,61.866875,61.42288869365765,58.05161890956983,64.79415847774546,60.15944215188004,58.58061759709155,62.13035267823412,60.45151075423725,58.65803282372876,62.73043463225948,BRA,Brazil,38,40,37,39
59.10404,59.72734,67.42095,63.71067569872487,59.85456802540832,67.56678337204143,60.02601083569582,58.88261788190606,66.99518673087623,60.71668390216047,59.33678612186565,67.2445271692639,CYP,Cyprus,43,37,38,38
59.753365,46.54312,88.44267,65.03418088884766,55.405675264515196,74.66268651318012,59.4307086090291,49.48408538244695,80.1379275556959,60.91224066747354,50.22924184182494,80.84530358851603,MCO,Monaco,40,35,43,37
60.59228,60.86086,65.10518,63.53002582671816,60.536468211510176,66.52358344192614,61.14086400552091,60.61907964908232,65.89729082432056,61.60100879482818,60.658871606727786,65.85583598089377,LTU,Lithuania,36,38,36,36
61.001606,61.608025,67.843895,65.42327054559085,62.216914893350314,68.6296261978314,61.498108288601095,60.82007745994838,67.74904557952124,62.35527327758547,61.366273602603755,67.99290307884249,SVN,Slovenia,35,34,35,35
62.267986,62.421,66.879166,64.94778327953946,62.45249640940762,67.44307014967131,62.685407199614694,62.02149884055744,67.80842449336468,63.14664599409406,62.22912388121216,67.48477119645368,CHL,Chile,33,36,34,34
61.926895,62.321133,70.78985,66.94102763019521,64.06330487119455,69.81875038919587,63.51192888834865,62.11917176599251,69.49133432714272,63.972945137123524,62.65569526577293,69.89781684277952,ISL,Iceland,34,30,33,33
63.532562,63.979668,66.61326,65.42877696982136,62.380611316664385,68.47694262297833,63.84700323807549,63.772809751714505,65.66701859871802,64.16383642545793,63.47647462091692,66.6060595455577,POL,Poland,30,33,31,32
63.008938,62.61345,71.2123,66.63243807223603,63.23018486832451,70.03469127614756,63.657652535031055,62.25085956022069,69.49975021830514,64.23917024449787,62.58633827136139,70.06162371859473,EST,Estonia,32,31,32,31
64.03175,59.69073,67.91581,65.85535425506164,61.4864592027719,70.22424930735139,64.55325024011204,58.57229675617267,67.76202932662365,64.74840206883118,59.5804459409253,68.41602939798659,IND,India,29,32,30,30
63.070854,62.85358,72.21065,67.31879843737197,63.33824477207179,71.29935210267215,64.70287430894997,62.077487638762804,70.4886670181806,64.94885031057092,62.586700131112735,71.12183343051029,LUX,Luxembourg,31,29,29,29
67.74173,59.84281,75.876274,68.48489196939512,62.5963693960982,74.37341454269205,67.26498468346878,60.13732782953617,77.26517602566092,67.68914776816521,60.6784591599108,76.19501017572514,CHN,China,27,27,28,28
68.18608,65.981415,70.568596,68.34216521556489,66.02469837413676,70.65963205699302,67.92563584822062,66.92773440600341,70.76463125658833,68.09487946115583,66.46539549526636,70.68937261410004,SGP,Singapore,24,28,27,27
67.26526,67.32633,71.26292,69.73410426272034,67.54408904056014,71.92411948488053,68.35262321273794,67.2836971892013,71.99876966445126,68.42615236931468,67.35945387781197,71.79614384468113,NZL,New Zealand,28,24,24,26
68.03644,67.391045,71.727516,69.84754733859499,66.89897675830863,72.79611791888135,68.0330663607085,67.43509147358593,71.90485587604513,68.48752951207331,67.29005108054494,72.083336461322,CZE,Czechia,25,23,26,25
67.90131,68.81388,71.699196,70.91029051553363,68.14526693816741,73.67531409289985,68.36724724045035,67.98980410081471,72.24915276225457,68.88652469454316,68.23468901505174,72.46820386980635,ISR,Israel,26,22,23,24
68.78875,68.69267,73.26896,70.94751052163377,68.56436469986852,73.33065634339903,68.09256502709657,68.29325309296199,72.40871333541746,68.98034756766279,68.46088590382118,72.85426051491103,IRL,Ireland,23,21,25,23
69.132225,66.46938,69.615395,69.12339217625723,66.8889004719641,71.35788388055035,69.22626071642959,67.17405989696779,69.80284002780539,69.17703466143438,66.92660087641144,70.14473963211157,GRC,Greece,22,25,22,22
70.14353,62.321842,73.2333,68.6022209950934,64.76811100523673,72.43633098495008,69.93475764622285,66.4378375248535,73.18972813024864,69.65381702171388,64.99140706213682,73.01227162520462,LIE,Liechtenstein,21,26,21,21
70.45708,70.41388,73.354805,72.09829198577647,69.5195345681419,74.67704940341103,70.54808540069881,69.90919427256273,72.96439814721154,70.91288495338532,69.93795062694966,73.49016267262746,PRT,Portugal,20,20,20,20
71.0056,69.73582,74.993195,73.66351440711972,70.98485580546252,76.34217300877692,71.24042142840905,70.03050879508761,74.24721076713782,71.78748930988093,70.19542258780103,74.95744728078267,AUT,Austria,19,18,19,19
71.42526,70.21399,75.73261,73.89958098788318,70.64488243701679,77.15427953874958,72.03178268073573,70.46394916056197,74.8936609654352,72.34710220013162,70.4466925039883,75.66855351987081,BEL,Belgium,18,17,18,18
71.535225,70.93904,74.22729,73.40244226900334,71.37413932325794,75.43074521474875,72.29438581450748,69.50611329699099,73.9231512704471,72.38160970314227,70.3313517637338,74.37608376203085,NOR,Norway,17,19,17,17
72.78167,71.15217,75.492584,74.45952220294758,72.2142487694031,76.70479563649207,72.594159134679,71.10938684040404,75.10814229400133,73.1073775222512,71.39629768103424,75.60341611325259,FIN,Finland,16,16,16,16
73.62139,73.95171,75.543335,74.8876069484438,72.96173438947822,76.81347950740938,74.45838969739496,73.42438086980827,75.13723984562095,74.35644440990511,73.44055242277662,75.6578235398972,KOR,"Korea, Republic of",14,15,14,15
74.100266,73.288414,76.50631,75.40798211581547,72.85628386557279,77.95968036605815,74.10935075813087,73.50036678227265,75.7544935063964,74.43173728375172,73.28635785789572,76.49374422203206,CHE,Switzerland,13,12,15,14
73.5391,71.31197,76.8747,75.27859524746079,71.6603714733398,78.89681902158178,74.83029870934331,70.64589580801396,75.96175972655185,74.61957332828001,71.06603416528627,76.9237602320747,NLD,Netherlands,15,14,11,13
74.30598,72.62314,76.473404,75.37931874002574,73.23829901653978,77.52033846351169,74.59981849372282,73.13217444556793,75.84713924648378,74.72123314878678,73.0314465838525,76.42200522178582,DNK,Denmark,12,13,13,12
75.38525,74.27083,76.23052,76.06678604508168,73.99595409775334,78.13761799241003,74.812898606576,74.53238788391387,76.92703502894882,75.26945738377229,74.33288952816284,77.05555255151734,CAN,Canada,10,11,12,11
74.88771,73.893585,77.99397,76.72206303524248,74.27261013255725,79.17151593792772,75.06235087034331,73.55771303489874,77.08267302271608,75.43361883680454,73.82040535185821,77.83270869042005,SWE,Sweden,11,10,10,10
76.37703,76.673225,77.78446,77.32028363146662,75.75074788202816,78.88981938090508,76.47257030886915,76.0551732611725,77.74572842156226,76.66061341703755,76.1335799518013,78.04143454978183,AUS,Australia,9,9,9,9
78.15614,74.812614,78.683334,78.11041701028172,75.962566422137,80.25826759842644,77.80181085493851,75.32176076915911,78.80298535748089,77.96754547715882,75.3546756003433,79.13689316599354,USA,United States,8,8,8,8
78.698105,76.75734,79.83829,79.51754776559308,77.7622222520418,81.27287327914436,77.93318122912287,77.39998161875603,80.1462629313105,78.52050377055932,77.32988124177322,80.35092162382026,JPN,Japan,7,7,7,7
80.27137,77.90113,81.8178,82.30927036523252,81.24175450166597,83.37678622879908,80.35363280542316,79.42161814695366,81.5901626618045,80.82197647754022,79.4965303679607,82.09372849540182,GBR,United Kingdom,6,5,6,6
81.849396,78.73154,83.48657,82.49736119401375,81.20917135266109,83.78555103536641,81.49856372825765,78.9850776159011,83.47883536663505,81.83597110062054,79.47771586242442,83.55744850856537,ESP,Spain,5,4,5,5
83.667786,78.563126,84.61125,83.44888432619882,81.90536296037433,84.99240569202331,82.82035539990345,79.4003232681388,85.53250619597584,83.18934519263425,79.81728377675088,85.16716747875742,ITA,Italy,3,3,4,4
83.61101,79.14093,84.09767,83.57880184411584,82.15517637527118,85.0024273129605,83.2597513531411,79.70982422757201,84.68170523054054,83.42732806020695,80.17893875154911,84.61587732070768,FRA,France,4,2,3,3
83.86074,69.42331,86.124916,82.24086819521501,78.45047382981032,86.03126256061971,83.87013361343016,70.33851789555219,84.40745693212621,83.46046902092411,72.13770473677164,85.24277312538308,TWN,"Taiwan, Province of China",2,6,2,2
86.44139,76.97872,87.44922,86.12938852653446,85.27270206772894,86.98607498533997,85.56737543627516,77.42995345954401,87.7552731532286,85.92638259757393,79.27783265136733,87.48646001044929,DEU,Germany,1,1,1,1
