iso3,mean_score,latest_score,latest_ci,mean_ci_width,innovation_std,trend_slope,stability_class
MCO,60.18663897583471,89.94217905768048,12.533675305380473,12.170388696244716,11.516433304043016,1.3646617406680648,Volatile
DEU,84.73488508496973,87.356403897994,1.6234401345120284,1.49654814378009,0.9728544704066058,0.17710203080166795,Stable
TWN,80.3963969383072,84.49134770462663,3.210254996829491,3.014965851545721,1.640285560636203,0.9163161031470872,Moderate
FRA,80.05768169855236,83.60528814771413,1.764568246008981,1.5725030771772563,0.7342759524281705,0.26752004055681394,Stable
ITA,77.73968123812905,83.47128871096814,2.3117612458093806,2.078268332398476,1.1840038083548954,0.25113684036473255,Stable
ESP,78.98991630919164,82.05377403410182,1.5472504647372933,1.4351381795278204,0.944471069084675,0.1679179303897079,Stable
GBR,80.80273397408585,81.5633868848367,1.2902786835022007,1.1711828112156697,0.7386435148751751,0.15966564344073444,Stable
JPN,76.20795205158014,79.4436660787937,1.956550892430904,1.6943940568915195,0.77256653737534,0.31338803025852774,Stable
USA,77.95823143567519,78.51367376832238,0.6764892116789178,0.6447343252480094,0.5577332817165476,0.0012937240486707252,Stable
AUS,76.50948399844191,77.36232045527977,1.1529238931161672,1.0573020844675853,0.6882773202240741,0.12141403582500332,Stable
SWE,76.75441729417173,75.19855164450973,1.7833287860693443,1.7043588405934145,1.4911975160184174,0.1109262652564484,Moderate
NLD,75.78076516351061,74.9981787594945,1.3282160464215855,1.3275287810043312,0.9960076643692598,0.12324660129577696,Stable
KOR,70.92652880403753,74.85937533872381,2.3298250267527836,2.0316052907444875,0.9154078177201443,0.36539605387770463,Stable
CAN,75.80537256658975,74.60765669639846,1.0808012395984261,1.0329236097870729,0.915118628048107,0.06606283522987766,Stable
CHE,74.00389685106022,74.25751893296318,1.749924262574583,1.6313577841449962,1.2254988496550625,0.1885459355746402,Stable
DNK,75.2149066954509,74.21200191160038,1.5430009989024902,1.459145095594927,1.1794286800997937,0.12473883117040756,Stable
CHN,59.7394748035502,73.30630167939897,5.090347338362968,4.684978293922129,3.1378582660148298,0.5373514375826278,Volatile
NOR,71.34626882138929,73.21522670971694,1.9309553186560902,1.6776369269399267,0.9584711222658607,0.2673229459104822,Stable
FIN,74.31746635820227,72.21153034701922,1.3031379322284902,1.257613374709087,1.2266763144425412,0.05867989010033794,Stable
BEL,72.10691591599875,71.75437216274865,2.260370455198359,2.1269744877467947,1.648208099415176,0.2150983664705599,Moderate
AUT,72.30759968951698,71.40251389483487,1.890452471988348,1.7766168758058203,1.380343827758583,0.19352712747765521,Stable
PRT,68.92760709639347,71.31356130595371,1.8424492480920924,1.6504537146055116,1.0231740882987532,0.23462973481216085,Stable
IRL,70.30191714722827,69.64723502366209,1.622037300749844,1.5286949138783348,1.2182678321717935,0.13991915814534156,Stable
GRC,64.61013974892852,69.01631057070276,1.983444885329976,1.8126584210026737,1.220588646102758,0.15675891309658327,Stable
CZE,66.64895253120586,68.9957129973763,2.380611295875891,2.0607885709478917,1.1940113710529776,0.3256022125935151,Stable
ISR,68.68427219455846,68.79662493601687,1.7271270081587373,1.6203352654126553,1.264306493750842,0.16217672327727123,Stable
NZL,71.05740153709249,68.33665976418855,1.0482738457638792,0.9964793742774566,0.8407914381305088,0.02570722687491515,Stable
SGP,68.39970482111632,67.8843880556861,1.333891515703288,1.2519873448459677,0.962977159227617,0.10730408137909045,Stable
LIE,66.34388766490967,67.75107495636912,6.528891066215907,6.332075883127346,6.1519670602597,1.0688720729306727,Volatile
BHS,56.877532085751454,65.43610161377019,3.231356444432778,3.0743671156701806,2.5906041844844534,-0.037758734568493615,Volatile
IND,58.966379528742806,65.39484920304857,2.5765243388823498,2.3143790194356955,1.1695039643852247,0.37760552336148606,Stable
EST,64.6071332803349,65.23049559221624,3.0407864966202496,2.7482213801634567,1.7673812328261451,0.3753389710221875,Moderate
POL,63.22500150346712,64.74376873862273,2.109525175334686,1.9162469352023774,1.2694531942553768,0.2499825837952647,Stable
LUX,66.48091912548065,63.97776497266425,2.1133233342461013,2.03771609134954,1.9668002661097146,0.16203625059009133,Volatile
ISL,67.22730133334566,63.52169685741686,1.8710075132274928,1.8159019796228462,1.912988876841487,0.030928287159371445,Volatile
CHL,65.05302183673314,63.31533261487894,1.6357266172797287,1.5680972206752033,1.4254952509349896,0.0828020319612588,Moderate
LTU,60.05787647425288,62.97843547981798,2.8136006305561425,2.468301410734043,1.2161212845284703,0.44554755987995653,Stable
SVN,62.488305611338966,62.97816727351746,2.6334036159409857,2.444747459551635,1.784114223042212,0.29227905964927653,Moderate
NRU,51.345349476474915,62.5992327414649,21.661671524682223,21.02942473842352,20.832143952198827,-2.585195184289844,Volatile
ROU,55.27899838065361,60.98163637976939,3.616111796405069,3.1514423416636004,1.5318345017233352,0.5747731153414753,Moderate
SVK,58.55839445624237,60.95072048133643,2.8050860887693507,2.5360242248447267,1.6447328763024038,0.3469394833577478,Moderate
BRA,58.74528024940738,60.792714778291774,1.4645187175290328,1.27406949458387,0.6506873247690003,0.20571079940110226,Stable
HRV,55.642603811955276,60.76973729400559,3.417065310990273,2.9469379126949913,1.4162706923214137,0.5368193171391413,Stable
MEX,60.168993573746214,60.741763868469725,0.9326343314676316,0.8612348909429761,0.5964691512199958,0.0863102921476199,Stable
CYP,61.46381858372824,60.31003376504476,2.1860636259534854,2.101955362549644,1.96042729804628,0.1580257653068204,Volatile
URY,59.153011616270916,60.186574656820525,2.7751661999795356,2.4559379235947993,1.5276599617161344,0.3563886804807706,Moderate
MYS,53.71793895127546,58.88822678367946,3.3734105386466897,2.9559279150127162,1.5075109372876043,0.5696654429701047,Moderate
LVA,55.86150792832279,58.715693138937624,3.605693664613743,3.217594731888101,2.012497996560031,0.46700109365329534,Volatile
MLT,58.58964099022475,58.513687427528566,2.7823813323037965,2.5637364185064557,1.792195050353918,0.2750510014459974,Moderate
HUN,60.392315030309,58.089642137258544,1.8679831628474928,1.7334958344588796,1.2614272000104922,-0.11938401336928876,Stable
BGR,54.75044550323946,57.9608318816139,2.39240687617171,2.1340052529271114,1.2835872262708616,0.2914758383560264,Stable
RUS,50.50016400748402,56.37637737276457,2.906570564933584,2.746580645008153,2.2145211381507237,0.17110959058768654,Volatile
BRN,46.838594834840166,55.62883024150765,4.780298085548585,4.304426075155418,2.0485304256174413,0.8005798927647395,Volatile
TON,43.01853710459441,55.19102727862108,7.385220072187553,6.9297875598745104,5.0615188605184835,1.27193527795388,Volatile
CRI,54.49969036053087,54.717045511208504,2.580678479896262,2.3962437672330505,1.7636387713554895,0.2825039836389196,Moderate
COL,50.449942413859965,54.31351138027664,3.2050608387446244,2.7591511615123134,1.2516574350387888,0.5101145874718763,Stable
TTO,55.177084559638125,54.06941745271437,2.076991430267208,1.9669485378949334,1.5825016358068478,-0.13300513207800022,Moderate
SRB,47.77624047641675,53.64660564183844,7.848752557348076,7.2208758271501,4.659858642642081,1.1291643712935915,Volatile
KWT,52.581549466960524,53.624173639323274,2.3719124549483586,2.2197627425890194,1.683506035137833,-0.16800439734899553,Moderate
ARE,48.626483367615165,53.61362698179993,3.503210616856819,3.205170639570674,2.201300650442456,0.23652640064245137,Volatile
MKD,49.027258043402604,53.2744953312371,4.48583663526372,3.9444540776175563,2.141541881149939,0.7179467758281799,Volatile
SAU,45.71940774162966,53.16625674304874,3.515007763336895,3.2511161007780953,2.315989982020174,0.34892313562565197,Volatile
IDN,45.29497854839223,52.64067939014958,3.7710541764819347,3.3372378888528043,1.817009514274292,0.6080194028786533,Moderate
MUS,52.54394288823946,52.523996437459076,2.3484943144074024,2.194049431685811,1.6782368518763315,0.2468987710963381,Moderate
ARG,52.01391680173073,52.51741570580174,2.5590920473072236,2.3905253442924623,1.8103484101788736,0.08048686224219595,Moderate
TUV,28.73616112976951,52.49335990008693,10.00917627831901,9.706961740343461,8.942189119673172,1.2498673289190918,Volatile
WSM,48.59723607231682,52.19826030262758,3.322759463646561,3.1633563494102988,2.6820795911182005,0.16207408389862285,Volatile
TUN,49.1893849739041,52.135443467851175,2.973551775697482,2.6304414678942294,1.4921485579249374,0.4260690199173425,Moderate
GEO,47.811609990973295,52.12555356758995,4.319314049477043,3.781351355015198,1.9167341816543366,0.7040862298243522,Volatile
PER,50.118767124818284,52.08952877713198,2.402539043646243,2.1341577082667156,1.4013417976005347,0.2708653232604025,Stable
THA,49.62296615541033,52.0635292017048,2.406393452094576,2.2604503244627687,1.7629046622011146,-0.057889193377702174,Moderate
IRN,44.2544905461136,51.15502147030594,3.705755309560606,3.4287007099032785,2.343737025992676,0.42336084222712317,Volatile
MAR,47.04247539763471,51.03405767954835,2.031506232446036,1.8125649928938665,1.024157726635012,0.3347930369690426,Stable
BRB,55.29646226812929,50.846014754833874,2.8262090841987297,2.72754250156253,2.6619511180104585,-0.14687556411035388,Volatile
JOR,48.056590303000746,50.777802786823806,1.80752257058248,1.6654759742476921,1.1930369288051967,0.18719406604037023,Stable
TUR,55.591852365897786,50.73666045740657,2.2149743780055315,2.0611934575208775,1.5170823865528749,0.026854963885284355,Moderate
BTN,45.32000239704102,50.513288864502414,3.1361892660764012,2.8847371523674545,1.4238281491575264,0.7150808395876251,Moderate
QAT,46.054532969640896,50.101431860186096,3.452692829221731,3.081165593539908,1.8146648046671778,0.5358692788433274,Moderate
ZAF,51.58650587986001,49.50038736344425,1.1849637552284742,1.143446096704327,1.1030595695208694,-0.01631496682626537,Stable
LCA,42.53596056513402,49.1163996384425,9.866668741435536,9.07919972243342,5.796299227934478,1.3043508877887247,Volatile
MNE,43.35644786987339,48.93881342835929,6.942701890228455,6.368802732913935,3.907270191366065,1.1085121415218195,Volatile
OMN,45.64974634701156,48.785226407261625,2.2517384958567237,2.0198769970262376,1.2531942544018242,0.27577513748860083,Stable
LKA,45.33577196687363,48.49818017360563,2.142765944681297,1.9466286070843606,1.3105715799395083,0.08917889827878824,Stable
VCT,53.278922459907825,48.465544334130286,2.920175454086694,2.856645202003909,3.37344162618682,0.11367575094083679,Volatile
PHL,43.39311812520122,48.180149188592985,3.0632843242655032,2.764231839615692,1.8545142688800833,0.318416694295553,Volatile
UKR,46.094933806663015,47.83676015175244,2.142007749498825,1.969198943342726,1.3640152915960917,0.21569510076520482,Stable
ARM,44.34511643309654,47.73642413348791,2.7132302253543887,2.4273504230639222,1.472482311031355,0.3297797212119808,Moderate
MDA,48.48801808291617,47.643019983789216,2.1669233975680693,2.0467644770845137,1.6491690005338242,0.18760309508073805,Moderate
STP,38.366050527210206,47.49510294613823,4.5086943578582215,4.367209730586375,2.365132982661081,1.2263790598874922,Volatile
ECU,41.987060129664705,47.278368740839674,2.8244997841569113,2.502271086346628,1.4742918532707276,0.32253866672093207,Moderate
KAZ,39.351446841407025,47.12098005288592,4.011569626425515,3.498824923214948,1.6884057790986937,0.6123310040367996,Moderate
ALB,43.34099713547027,47.03672909540991,3.6936047726261005,3.197202886146627,1.6418256357691778,0.5381121755496342,Moderate
XKX,45.979074301426486,46.15606851721668,5.018207729313092,4.756462732886907,3.4994369592570056,0.9241747827296446,Volatile
MNG,45.86861672862954,46.043895159604965,2.1612103392865842,2.0467795245396854,1.6839236598639693,0.20865435829471576,Moderate
DZA,42.293752900611835,45.9492758159278,1.5963705185606163,1.53651654465752,1.4450589922145782,0.07643782208542708,Moderate
BWA,47.848952538592464,45.89157879493889,1.4277377130768805,1.3818910366839645,1.3994829161901323,-0.019726504168346155,Stable
BHR,45.50941384141818,45.84570283083867,1.6780073476723552,1.6157974778258082,1.5329924923517495,-0.014400827681884875,Moderate
PAN,48.35848224449114,45.83749383928356,2.1399638524495095,2.0558130148675,1.8947932809394088,0.08171704296857543,Volatile
MDV,42.17150954556027,45.75718978936433,2.389121930802184,2.203563716789454,1.43463193193817,0.4010143145328024,Moderate
EGY,42.57268839632763,45.53045213037135,1.9086331551432776,1.7902091033207193,1.3585453615971408,0.19602578934730241,Stable
FSM,36.45636812241014,45.38590481278525,5.487492876556661,5.199493006742608,4.114735006613801,0.7087122379680776,Volatile
BIH,40.09910211550288,45.366288706697105,3.6309809919666325,3.2820469882592356,1.6274802159882769,0.6661201903865613,Moderate
VNM,37.886926306556745,45.34931720703669,4.882067952406579,3.8569291130893113,1.9646076394995657,0.6673922841429435,Volatile
JAM,47.632194780667334,45.170168561308984,2.4997139995956257,2.389769216998265,2.11958657563142,0.16406850713789045,Volatile
SYC,41.18257473594923,45.014525718449754,3.7028897596146857,3.3754042168568548,2.2151188078861104,0.4563815168022272,Volatile
GRD,46.83470467245133,44.84416470015017,1.6886202470069451,1.6554538874796227,2.024691932673802,0.08966573356882998,Volatile
GHA,43.42728428282398,43.91078475683886,3.0473579261255215,2.762772911203748,1.8359398989286229,0.3669403304941409,Moderate
LBN,41.75824665883219,43.471452710768254,2.4443027569101896,2.164339414787058,1.2665438016371307,0.3295620789047598,Stable
GUY,42.30844425075661,43.41891551422989,2.657808421266919,2.46607875769364,1.8211658316173798,0.16944542363606402,Moderate
CPV,43.92219487396165,42.95228709464352,4.357346177705169,4.043831351475792,2.9858071681790803,0.4465918392148109,Volatile
BGD,38.62472895825372,42.80457405087774,2.454449288067251,2.1722386040340647,1.1746075478250642,0.36098951897164555,Stable
SMR,49.18004056726854,42.70411789151885,11.929850243939901,11.381999711352819,9.451641339326537,1.217353932536222,Volatile
CUB,36.074351120623355,42.65999330954318,2.708065589239503,2.4972235030289354,1.7342409337489741,0.2926320799277818,Moderate
VUT,37.56060037724787,42.36576924522723,3.1092820562906,2.823974459155644,1.7879053734767612,0.34147409639601317,Moderate
SEN,41.10009247521356,41.98912857775455,2.085797169636145,1.9164033106035823,1.331929436954892,0.23474332909102907,Stable
DMA,45.376953560291845,41.734466169751734,5.838739305421765,5.652773750889268,5.537484573913971,0.4245024091134832,Volatile
NAM,41.81007080613982,41.516893747688584,2.8927747074824133,2.718876706289866,2.12915070387686,0.17547373673590114,Volatile
FJI,36.639857606919705,41.490869623588736,4.106079617591289,3.6336248093473387,2.160473598170828,0.4870101300036173,Volatile
BLR,39.10253664785026,41.26846286511024,3.0317037456479587,2.8457859842953352,2.2167636304445097,0.18085920359868307,Volatile
NPL,35.669187023155416,41.26610920211211,3.159668604816776,2.7949614416184363,1.6500411188038968,0.4268651439846804,Moderate
KEN,38.44927554519994,41.199006951134294,2.3157337731687346,2.1337505625419473,1.4383558461274009,0.2473325915301626,Moderate
AZE,37.23159505247153,41.1448804216117,3.117917457199397,2.797285775645502,1.743819419314827,0.4017385069367586,Moderate
DOM,40.210124089967415,41.122428422727324,1.9222436879423506,1.801488060187584,1.3925238243719984,0.20104877383544825,Stable
KIR,34.04903261638965,40.974595313102405,3.738542182300744,3.4882560293180127,2.3312338819045597,0.6396895788977398,Volatile
PRY,39.53907829047329,40.17786160492336,2.853869177949528,2.5634287461725886,1.6701101533954683,0.35498256230808883,Moderate
PAK,36.921598081561726,40.09277084594789,2.384781306492692,2.068204385527002,1.0233731030087987,0.3671795497077013,Stable
TLS,35.044935368819694,39.48730519749169,4.0578938701970975,3.685392259314684,1.9518417200606244,0.9448112875139493,Volatile
ZMB,40.073760163366906,39.25100292763987,1.5620491725023624,1.4875739728163573,1.2900257750104838,0.12384830071010147,Stable
UZB,30.979731688049746,39.24988285385932,3.7739299520389937,3.417884554409194,2.1567447167131486,0.32467533422567857,Volatile
SUR,36.77570646476649,39.06802646466545,1.992426381105873,1.7789128736845856,1.1504537694242054,0.23217473294154778,Stable
ETH,33.695381881500204,38.83587562247573,2.180615634536764,2.001609407565802,1.3611901085550409,0.20095473002550496,Stable
IRQ,33.19560015679125,38.77045690062413,4.4788339576879554,3.975951129246222,2.1633949606617127,0.6224413900357342,Volatile
RWA,29.749620744777577,38.537483000070985,5.194220703683797,4.68449807357452,2.1344731910524044,1.0003964930913622,Volatile
SLB,33.867723574213386,38.40725964252068,3.098832944755806,2.878032322406196,1.6718705352641756,0.7154730301575938,Moderate
BLZ,40.789116728718824,37.37033757959583,2.633690171899032,2.5412022309514257,2.469723411955895,-0.010649630269427977,Volatile
KNA,32.041545221202064,37.11176721266479,4.066601442853221,3.738101017573752,2.0844629497489837,0.6922430185123032,Volatile
SLV,41.991090206666094,36.99243055305619,1.831294428407977,1.7378352259804348,1.4165983713142747,-0.09022349654255295,Stable
TZA,35.49314949015042,36.78580075050628,1.4899060282653696,1.3849076122972293,1.0395295168853707,0.10822944240267152,Stable
HND,36.98558619438978,36.445424976044904,1.901959509889032,1.794020972944346,1.4521293958033394,0.12472081959174727,Moderate
BOL,37.464027554844115,36.35251869471463,2.3716071383787614,2.134813660487658,1.279161911816214,-0.28298891664659753,Stable
GTM,36.99306812190278,35.64689547651373,2.1394591439455457,2.0021426830008537,1.5267802708112284,0.1906593173253204,Moderate
TGO,30.576737495549313,35.2468997262109,4.024381539702637,3.514173018482022,1.8329218650842727,0.6415781018534142,Moderate
AND,36.02311495321091,34.90905256913386,1.8803589197662929,1.8104425511373679,1.6957594623473868,0.1747830574298226,Moderate
KHM,31.614266431357372,34.784205917626174,1.3972141392279664,1.316576908553477,1.0067244040040781,0.12019113585031062,Stable
ATG,35.77062417290058,34.62687463709302,7.316143254880869,6.700150384145032,4.484944115250244,0.9133003193180502,Volatile
MWI,35.3618056674985,34.61725098069307,1.5359567867593402,1.473475592074705,1.3484735417419345,0.09068139680810307,Stable
UGA,32.61718548201332,34.52070854835729,1.2802809458185982,1.2223810275031244,1.066409872787595,0.048479648556239756,Stable
KGZ,34.97417310708133,33.95114071113881,2.3931207278122604,2.2088037598257753,1.5742029432206195,0.2281859342362969,Moderate
BEN,34.26690785628353,33.61602746986488,2.1354646516142077,1.9800135066507696,1.4610836624382888,0.16629255507211163,Moderate
GMB,29.68388598940929,32.75035002184555,3.1600549155916817,2.912711096303094,1.980442401383179,0.34519682139427255,Volatile
SWZ,32.0230710534561,32.74996871532147,1.8036148837588157,1.724183722428871,1.4983393911463834,0.1704762226853836,Moderate
BFA,32.75193630436438,32.27438174049307,1.8592057936392237,1.7094352705543323,1.1966627769368745,0.18086905829180427,Stable
NGA,31.0223422244422,32.266627958629584,2.1841925465433882,1.9749341848861448,1.3405798202010513,0.24545953589529526,Stable
LBY,28.201855009000695,32.17554011685323,2.8794897931841392,2.590809882365996,1.6876503471558095,0.34779035805622455,Moderate
CIV,27.270401963717052,31.984803425801154,4.85833590311499,4.406945187111109,2.949636410254423,0.5268151721260197,Volatile
LSO,35.363897877759825,31.651675524282048,2.987625738462218,2.87122738109466,2.673430904239954,0.19956426322863655,Volatile
TJK,29.83137793753102,31.48531006512918,2.267183052590258,2.162624939949029,1.860779724952829,0.14856956871835375,Volatile
MDG,35.33105812790116,31.35972162172083,1.9319163306273983,1.8412190384813123,1.5627540764284247,-0.16788673330901788,Moderate
CMR,26.55941123275426,31.066756773562034,2.0000144843552103,1.7954921500747267,1.0950609125676218,0.2371879950941289,Stable
DJI,29.830258409886316,30.489227273801976,2.4708417794246476,2.332628280097204,1.8799412616476767,0.2010555004840658,Volatile
PLW,42.11907287971508,30.386760348609158,4.952855888191738,4.813581855389192,4.66702160760255,-0.5656937118407439,Volatile
NIC,34.89734498527045,29.911400602073236,2.1120045473122047,1.8986863794468045,1.1415720681542467,-0.24560583221883048,Stable
LBR,33.05350271473837,29.808999724218523,3.673082977643536,3.491988505355537,2.8779446683449375,0.38671417710686296,Volatile
PNG,32.413718769816704,29.729372655377926,3.772243970448455,3.552718372885218,2.8115257242964846,-0.11794082312933787,Volatile
SYR,30.14561961429025,29.51094568178906,2.347834494171881,2.23775916727349,1.9308771446011335,-0.014299451107445677,Volatile
LAO,24.701309849100298,29.29669479284261,3.467305590255609,3.0655177948951517,1.5488369912757183,0.5531309762537556,Moderate
MMR,23.70458563835375,29.16077747212817,4.219273770680565,3.8044473303336632,2.4733612445579514,0.5533701286577208,Volatile
NER,28.910200593827554,29.01780987160148,2.1210997556195834,1.9335306655810307,1.2671568795717691,0.2787594062720602,Stable
ZWE,25.710627554856192,28.86947325828439,2.66414139662698,2.437847523659163,1.7313722626920307,0.1657493671566655,Moderate
GAB,31.641332221325673,28.814524127509813,1.4195175517412084,1.3003246419573964,0.8177674527029586,-0.167080044705044,Stable
MHL,35.70353546791647,27.71036746229362,3.3333504691546225,3.2468402309460243,3.464057330498674,0.016788741460401477,Volatile
MOZ,30.580282304728083,27.551637993989544,1.777402321163063,1.6859864784958836,1.4095731614901539,-0.0033715246229796478,Stable
COM,28.17494209449183,26.885201993409638,2.2187645601119588,2.073750470060621,1.534800996265089,0.20043483947770951,Moderate
MLI,30.466638394622784,26.078895414967594,2.49803411642494,2.364188952486424,1.9161171985973695,-0.1962682355087588,Volatile
AGO,21.814240657697084,26.027668684434996,2.366733717954171,2.049963253425136,0.8435803934349748,0.385708485374812,Stable
GIN,25.576852280856578,26.015334793101676,2.6769741278593555,2.438076082755392,1.6523141309629015,0.24322012801545093,Moderate
SLE,22.791264361431093,25.963025246637834,4.1620171879457155,3.6512104449374707,2.0909682967516035,0.6036024559609882,Volatile
SDN,23.927363449332358,25.692995580070075,2.0495629198930043,1.9367980996746694,1.5857000498403222,0.13595436508165507,Moderate
BDI,28.018002446148625,25.553909875975265,2.559641612946448,2.419496293642846,1.9401979735542012,0.08279790174153506,Volatile
MRT,25.31904049750221,25.393114673215177,2.1787748859098683,2.0388171222505416,1.558376902352518,0.12874955359315024,Moderate
PRK,18.69855420053352,24.903116601452517,3.0515854156082556,2.740926173495469,1.7314212644793403,0.33461378454272495,Moderate
SSD,20.026021573352665,24.082365056240015,3.0368293289777992,2.837933672988316,1.85301776713529,0.7311348876902294,Volatile
COG,24.57633087125263,23.86425610235485,1.6371374007232997,1.5479356550268917,1.2675085613429986,0.004336755493727017,Stable
AFG,24.217535627411436,22.223986767571773,2.1844287597114844,2.098998243490388,1.8307624921962593,-0.2309716734805896,Moderate
TKM,18.37647907879152,22.179808074530794,2.2095649119170995,2.018124598052265,1.38977825357257,0.10440490639144803,Stable
VEN,32.82318311827804,21.806473476348472,5.347112774156615,4.725573371174562,2.1353494678201446,-0.8673638678771385,Volatile
COD,19.97664926090283,21.21678179704063,2.546265349484746,2.35179690971849,1.6658107782212705,0.245838159307817,Moderate
ERI,17.18583284931834,20.562343912549277,2.219397664491196,2.106714848686829,1.7543696524890353,-0.009607567916866318,Moderate
HTI,20.668906821276856,18.731153082199604,3.007396252143392,2.7294625929739893,1.8147644300308543,0.30680382695139685,Moderate
YEM,26.595355308147802,18.70411232813757,3.3316028301521934,3.0165657820879823,1.9599415452837743,-0.1876525458870449,Volatile
GNB,20.083909335914083,18.45734874735106,2.58730368110284,2.4144757544575763,1.8181729833446956,0.23301576109245148,Moderate
TCD,16.33564262550526,17.68802818276124,2.1489769962695906,2.006482552745099,1.5108035330973824,0.10713356406869418,Moderate
GNQ,15.930863979938538,15.656099824324734,2.113643769857023,2.0195529203698372,1.7846238546474817,0.09619519113015693,Moderate
CAF,16.690824531349236,11.744500347673712,3.1397425343936587,2.969788021672142,2.436442796079489,-0.26027799543118535,Volatile
SOM,10.903070951137869,7.097759255597184,3.821804042761784,3.6734325957074687,3.2201990849967634,0.06788641756407349,Volatile
