iso3,latest_score,trend_slope,acceleration,volatility,n_years,regime
MCO,89.942,1.36466,0.922778,11.5164,12,Volatile Riser
DEU,87.356,0.1771,-0.019079,0.9729,25,Stable Power
TWN,84.491,0.91632,-0.055029,1.6403,12,Ascendant
FRA,83.605,0.26752,-0.01349,0.7343,25,Stable Power
ITA,83.471,0.25114,0.055819,1.184,25,Stable Power
ESP,82.054,0.16792,-0.006133,0.9445,25,Stable Power
GBR,81.563,0.15967,-0.01373,0.7386,25,Declining
JPN,79.444,0.31339,-0.00433,0.7726,25,Stable Power
USA,78.514,0.00129,-0.001157,0.5577,25,Declining
AUS,77.362,0.12141,-0.022048,0.6883,25,Declining
SWE,75.199,0.11093,-0.040957,1.4912,25,Declining
KOR,74.859,0.3654,-0.008897,0.9154,25,Ascendant
CAN,74.608,0.06606,-0.018782,0.9151,25,Declining
NLD,74.345,0.12325,-0.012389,0.996,94,Declining
CHE,74.258,0.18855,-0.013014,1.2255,25,Stable Power
DNK,74.212,0.12474,-0.029808,1.1794,25,Declining
CHN,73.306,0.53735,0.074097,3.1379,25,Volatile Riser
NOR,73.215,0.26732,-0.009036,0.9585,25,Stable Power
FIN,72.212,0.05868,-0.022725,1.2267,25,Declining
BEL,71.754,0.2151,-0.030669,1.6482,25,Stable Power
AUT,71.403,0.19353,-0.020711,1.3803,25,Stable Power
PRT,71.314,0.23463,0.002423,1.0232,25,Stable Power
IRL,69.647,0.13992,-0.025664,1.2183,25,Declining
GRC,69.016,0.15676,0.054905,1.2206,25,Declining
CZE,68.996,0.3256,-0.001934,1.194,25,Stable Power
ISR,68.797,0.16218,0.019352,1.2643,25,Stable Power
NZL,68.337,0.02571,-0.028356,0.8408,25,Declining
SGP,67.884,0.1073,-0.027093,0.963,25,Declining
LIE,67.751,1.06887,-0.430558,6.152,12,Volatile Riser
BHS,65.436,-0.03776,0.064215,2.5906,25,Fragile
IND,65.395,0.37761,0.036276,1.1695,25,Ascendant
EST,65.23,0.37534,-0.042625,1.7674,25,Volatile Riser
POL,64.744,0.24998,0.004988,1.2695,25,Stable Power
LUX,63.978,0.16204,-0.014325,1.9668,25,Stable Power
ISL,63.522,0.03093,-0.016616,1.913,25,Fragile
CHL,63.315,0.0828,-0.032887,1.4255,25,Declining
SVN,62.978,0.29228,-0.020378,1.7841,25,Stable Power
LTU,62.978,0.44555,-0.031938,1.2161,25,Ascendant
NRU,62.599,-2.5852,1.052942,20.8321,11,Fragile
ROU,60.982,0.57477,-0.004316,1.5318,25,Ascendant
SVK,60.951,0.34694,-0.016301,1.6447,25,Ascendant
BRA,60.793,0.20571,0.001414,0.6507,25,Stable Power
HRV,60.77,0.53682,0.002169,1.4163,25,Ascendant
MEX,60.742,0.08631,-0.021915,0.5965,25,Declining
CYP,60.31,0.15803,-0.013522,1.9604,25,Fragile
URY,60.187,0.35639,-0.021121,1.5277,25,Ascendant
MYS,58.888,0.56967,-0.005148,1.5075,25,Ascendant
LVA,58.716,0.467,-0.006728,2.0125,25,Volatile Riser
MLT,58.514,0.27505,-0.057245,1.7922,25,Stable Power
HUN,58.09,-0.11938,-0.034795,1.2614,25,Declining
BGR,57.961,0.29148,0.03328,1.2836,25,Stable Power
RUS,56.376,0.17111,0.067446,2.2145,25,Stable Power
BRN,55.629,0.80058,0.074515,2.0485,18,Volatile Riser
TON,55.191,1.27194,-0.001471,5.0615,16,Volatile Riser
CRI,54.717,0.2825,0.011824,1.7636,25,Stable Power
COL,54.314,0.51011,-0.020158,1.2517,25,Ascendant
TTO,54.069,-0.13301,0.053743,1.5825,25,Declining
SRB,53.647,1.12916,-0.233548,4.6599,23,Volatile Riser
KWT,53.624,-0.168,0.065339,1.6835,25,Fragile
ARE,53.614,0.23653,0.085776,2.2013,25,Stable Power
MKD,53.274,0.71795,-0.01413,2.1415,23,Volatile Riser
SAU,53.166,0.34892,0.050508,2.316,25,Volatile Riser
IDN,52.641,0.60802,0.041845,1.817,25,Volatile Riser
MUS,52.524,0.2469,-1.2e-05,1.6782,25,Stable Power
ARG,52.517,0.08049,0.07623,1.8103,25,Fragile
TUV,52.493,1.24987,0.736062,8.9422,12,Volatile Riser
WSM,52.198,0.16207,0.0795,2.6821,20,Coasting
TUN,52.135,0.42607,-3.6e-05,1.4921,25,Ascendant
GEO,52.126,0.70409,-0.022425,1.9167,25,Volatile Riser
PER,52.09,0.27087,0.021433,1.4013,25,Coasting
THA,52.064,-0.05789,0.072296,1.7629,25,Fragile
IRN,51.155,0.42336,-0.021209,2.3437,25,Volatile Riser
MAR,51.034,0.33479,0.025131,1.0242,25,Coasting
BRB,50.846,-0.14688,-0.029646,2.662,25,Fragile
JOR,50.778,0.18719,0.02069,1.193,25,Coasting
TUR,50.737,0.02685,-0.071233,1.5171,25,Declining
BTN,50.513,0.71508,-0.017895,1.4238,16,Ascendant
QAT,50.101,0.53587,-0.025329,1.8147,25,Volatile Riser
ZAF,49.5,-0.01631,0.014438,1.1031,25,Declining
LCA,49.116,1.30435,-0.279475,5.7963,20,Volatile Riser
MNE,48.939,1.10851,-0.191213,3.9073,23,Volatile Riser
OMN,48.785,0.27578,0.02025,1.2532,25,Coasting
LKA,48.498,0.08918,0.070128,1.3106,25,Declining
VCT,48.466,0.11368,-0.047283,3.3734,16,Fragile
PHL,48.18,0.31842,0.086125,1.8545,25,Coasting
UKR,47.837,0.2157,0.020864,1.364,25,Coasting
ARM,47.736,0.32978,0.040589,1.4725,25,Coasting
MDA,47.643,0.1876,0.007824,1.6492,25,Coasting
STP,47.495,1.22638,0.111131,2.3651,12,Volatile Riser
ECU,47.278,0.32254,0.074213,1.4743,25,Coasting
KAZ,47.121,0.61233,0.036934,1.6884,25,Volatile Riser
ALB,47.037,0.53811,-0.03281,1.6418,25,Ascendant
XKX,46.156,0.92417,-0.599623,3.4994,12,Volatile Riser
MNG,46.044,0.20865,0.016561,1.6839,25,Coasting
DZA,45.949,0.07644,0.030484,1.4451,25,Declining
BWA,45.892,-0.01973,-0.015256,1.3995,25,Declining
BHR,45.846,-0.0144,0.003478,1.533,25,Declining
PAN,45.837,0.08172,0.027898,1.8948,25,Fragile
MDV,45.757,0.40101,0.09354,1.4346,16,Ascendant
EGY,45.53,0.19603,0.00704,1.3585,25,Coasting
FSM,45.386,0.70871,0.257955,4.1147,16,Volatile Riser
BIH,45.366,0.66612,-0.061106,1.6275,25,Ascendant
VNM,45.349,0.66739,0.038285,1.9646,49,Volatile Riser
JAM,45.17,0.16407,0.023594,2.1196,25,Coasting
SYC,45.015,0.45638,0.01921,2.2151,25,Volatile Riser
GRD,44.844,0.08967,-0.0922,2.0247,12,Fragile
GHA,43.911,0.36694,-0.034861,1.8359,25,Volatile Riser
LBN,43.471,0.32956,-0.030261,1.2665,25,Coasting
GUY,43.419,0.16945,0.066972,1.8212,25,Coasting
CPV,42.952,0.44659,-0.051722,2.9858,25,Volatile Riser
BGD,42.805,0.36099,-0.002806,1.1746,25,Ascendant
SMR,42.704,1.21735,-0.85376,9.4516,15,Volatile Riser
CUB,42.66,0.29263,0.018563,1.7342,25,Coasting
VUT,42.366,0.34147,0.043458,1.7879,23,Volatile Riser
SEN,41.989,0.23474,0.004697,1.3319,25,Coasting
DMA,41.734,0.4245,-0.282655,5.5375,17,Volatile Riser
NAM,41.517,0.17547,0.06104,2.1292,25,Coasting
FJI,41.491,0.48701,0.066712,2.1605,25,Volatile Riser
BLR,41.268,0.18086,0.044115,2.2168,25,Coasting
NPL,41.266,0.42687,0.025712,1.65,25,Ascendant
KEN,41.199,0.24733,0.014307,1.4384,25,Coasting
AZE,41.145,0.40174,0.010831,1.7438,25,Volatile Riser
DOM,41.122,0.20105,0.011426,1.3925,25,Coasting
KIR,40.975,0.63969,0.093609,2.3312,16,Volatile Riser
PRY,40.178,0.35498,-0.01284,1.6701,25,Volatile Riser
PAK,40.093,0.36718,-0.020357,1.0234,25,Ascendant
TLS,39.487,0.94481,-0.046358,1.9518,16,Volatile Riser
ZMB,39.251,0.12385,-0.014155,1.29,25,Declining
UZB,39.25,0.32468,0.099067,2.1567,25,Coasting
SUR,39.068,0.23217,0.023955,1.1505,25,Coasting
ETH,38.836,0.20095,0.03459,1.3612,25,Coasting
IRQ,38.77,0.62244,-0.065318,2.1634,25,Volatile Riser
RWA,38.537,1.0004,-0.029972,2.1345,25,Volatile Riser
SLB,38.407,0.71547,0.008088,1.6719,16,Volatile Riser
BLZ,37.37,-0.01065,0.042075,2.4697,25,Fragile
KNA,37.112,0.69224,-0.047317,2.0845,19,Volatile Riser
SLV,36.992,-0.09022,-0.042855,1.4166,25,Declining
TZA,36.786,0.10823,-0.024722,1.0395,25,Declining
HND,36.445,0.12472,0.029167,1.4521,25,Declining
BOL,36.353,-0.28299,0.0695,1.2792,25,Declining
GTM,35.647,0.19066,-0.014649,1.5268,25,Coasting
TGO,35.247,0.64158,-0.012509,1.8329,25,Volatile Riser
AND,34.909,0.17478,-0.02454,1.6958,18,Coasting
KHM,34.784,0.12019,0.017024,1.0067,25,Declining
ATG,34.627,0.9133,-0.04828,4.4849,19,Volatile Riser
MWI,34.617,0.09068,0.019904,1.3485,25,Declining
UGA,34.521,0.04848,0.016078,1.0664,25,Declining
KGZ,33.951,0.22819,-0.02597,1.5742,25,Coasting
BEN,33.616,0.16629,-0.011011,1.4611,25,Coasting
SWZ,32.75,0.17048,-0.007561,1.4983,20,Coasting
GMB,32.75,0.3452,0.027795,1.9804,25,Volatile Riser
BFA,32.274,0.18087,-0.014723,1.1967,25,Coasting
NGA,32.267,0.24546,0.001653,1.3406,25,Coasting
LBY,32.176,0.34779,-0.020523,1.6877,25,Volatile Riser
CIV,31.985,0.52682,0.083318,2.9496,25,Volatile Riser
LSO,31.652,0.19956,-0.024819,2.6734,25,Coasting
TJK,31.485,0.14857,-0.003925,1.8608,25,Fragile
MDG,31.36,-0.16789,0.010919,1.5628,25,Declining
CMR,31.067,0.23719,0.021729,1.0951,25,Coasting
DJI,30.489,0.20106,0.022343,1.8799,25,Coasting
PLW,30.387,-0.56569,-0.363006,4.667,12,Fragile
NIC,29.911,-0.24561,-0.033061,1.1416,25,Declining
LBR,29.809,0.38671,-0.227009,2.8779,16,Volatile Riser
PNG,29.729,-0.11794,0.091477,2.8115,24,Fragile
SYR,29.511,-0.0143,-0.037714,1.9309,25,Fragile
LAO,29.297,0.55313,-0.026096,1.5488,25,Ascendant
MMR,29.161,0.55337,0.060882,2.4734,25,Volatile Riser
NER,29.018,0.27876,-0.03248,1.2672,25,Coasting
ZWE,28.869,0.16575,0.085614,1.7314,25,Coasting
GAB,28.815,-0.16708,0.003366,0.8178,25,Declining
MHL,27.71,0.01679,-0.040023,3.4641,15,Fragile
MOZ,27.552,-0.00337,-0.057955,1.4096,25,Declining
COM,26.885,0.20043,-0.155735,1.5348,16,Coasting
MLI,26.079,-0.19627,-0.009604,1.9161,25,Fragile
AGO,26.028,0.38571,0.00442,0.8436,25,Ascendant
GIN,26.015,0.24322,0.030943,1.6523,25,Coasting
SLE,25.963,0.6036,-0.00772,2.091,25,Volatile Riser
SDN,25.693,0.13595,0.025171,1.5857,25,Declining
BDI,25.554,0.0828,-0.081487,1.9402,22,Fragile
MRT,25.393,0.12875,0.03147,1.5584,25,Declining
PRK,24.903,0.33461,0.046999,1.7314,25,Coasting
SSD,24.082,0.73113,0.130333,1.853,12,Volatile Riser
COG,23.864,0.00434,0.017289,1.2675,25,Declining
AFG,22.224,-0.23097,-0.219699,1.8308,12,Fragile
TKM,22.18,0.1044,0.070141,1.3898,25,Declining
VEN,21.806,-0.86736,-0.038846,2.1353,25,Fragile
COD,21.217,0.24584,-0.032747,1.6658,25,Coasting
ERI,20.562,-0.00961,0.048362,1.7544,25,Fragile
HTI,18.731,0.3068,-0.061418,1.8148,25,Coasting
YEM,18.704,-0.18765,-0.11984,1.9599,25,Fragile
GNB,18.457,0.23302,-0.023995,1.8182,25,Coasting
TCD,17.688,0.10713,0.040578,1.5108,25,Declining
GNQ,15.656,0.0962,-0.021181,1.7846,25,Fragile
CAF,11.745,-0.26028,-0.017196,2.4364,25,Fragile
SOM,7.098,0.06789,-0.493142,3.2202,12,Fragile
