feature,coefficient,abs_coef
score_roll3_mean,12.673389888229373,12.673389888229373
fh_combined_score,5.150154758808068,5.150154758808068
fh_combined_score_lag1,-3.192257003085647,3.192257003085647
life_expectancy_lag1,-2.8457485203167154,2.8457485203167154
infant_mortality,-2.213391641769765,2.213391641769765
property_rights,1.9578603732982458,1.9578603732982458
sci_journal_articles,1.6257108739341635,1.6257108739341635
property_rights_lag1,-1.6068012750553966,1.6068012750553966
sci_journal_articles_lag2,-1.5632500583181062,1.5632500583181062
govt_integrity,1.5568319706324385,1.5568319706324385
physicians_per_1k_lag1,-1.432003384294086,1.432003384294086
life_expectancy,1.3589729893829978,1.3589729893829978
unesco_cultural_sites,1.341229654720142,1.341229654720142
unesco_total_sites,1.3408673133502742,1.3408673133502742
unesco_total_sites_lag1,-1.331894321172965,1.331894321172965
score_slope,1.2124475191021267,1.2124475191021267
fh_combined_score_lag2,-1.1947094276541372,1.1947094276541372
tertiary_enroll_pct_lag1,-1.1588904074266198,1.1588904074266198
influence_growth,-1.1275176281729569,1.1275176281729569
tertiary_enroll_pct,1.1148374290420604,1.1148374290420604
ai_publications,1.0919214321525061,1.0919214321525061
unesco_cultural_sites_lag1,-1.0778111172147853,1.0778111172147853
investment_freedom,1.049122612145461,1.049122612145461
physicians_per_1k,1.048392648838872,1.048392648838872
infant_mortality_lag1,1.0409211887455334,1.0409211887455334
govt_integrity_lag1,-0.8116260639230162,0.8116260639230162
trade_pct_gdp,0.7978223763423178,0.7978223763423178
fh_status_num_lag1,-0.7943658190677175,0.7943658190677175
business_freedom,0.7611456127770134,0.7611456127770134
trade_pct_gdp_lag1,-0.7418042504376512,0.7418042504376512
life_expectancy_lag2,0.7222490129103485,0.7222490129103485
fh_total_score,0.7194781602926571,0.7194781602926571
investment_freedom_lag1,-0.6806382563545325,0.6806382563545325
business_freedom_lag1,-0.6449930959734657,0.6449930959734657
rd_researchers_per_mil_lag1,0.5560834573423178,0.5560834573423178
judicial_effectiveness_lag1,-0.5492810051380995,0.5492810051380995
physicians_per_1k_lag2,0.5369933688397063,0.5369933688397063
score_volatility,0.5306141667852659,0.5306141667852659
fh_status_num_lag2,0.5117083514355141,0.5117083514355141
property_rights_lag2,0.4906848979212381,0.4906848979212381
rd_researchers_per_mil_lag2,-0.4620910653374979,0.4620910653374979
unesco_total_sites_lag2,0.4570958461260801,0.4570958461260801
internet_pct_sp,0.42626372961258835,0.42626372961258835
fh_total_score_lag1,-0.4081633910672129,0.4081633910672129
fh_status_num,0.39588245864786703,0.39588245864786703
internet_pct_sp_lag2,0.379396780215908,0.379396780215908
ai_publications_lag2,-0.35282910080765667,0.35282910080765667
physicians_per_1k_slope,0.34783888632241416,0.34783888632241416
tourist_arrivals,0.3330207495341726,0.3330207495341726
judicial_effectiveness,0.33042735901148096,0.33042735901148096
internet_pct_sp_slope,-0.2864452620478885,0.2864452620478885
rnd_pct_gdp_sp,0.2435060107156175,0.2435060107156175
ai_publications_lag1,0.21297417431830923,0.21297417431830923
tertiary_enroll_pct_lag2,0.1966649244736642,0.1966649244736642
sci_journal_articles_lag1,-0.1959409146910487,0.1959409146910487
fh_total_score_lag2,-0.18563974155576282,0.18563974155576282
rd_researchers_per_mil,-0.18522246811085488,0.18522246811085488
govt_integrity_lag2,-0.18366822543563874,0.18366822543563874
ai_publications_slope,0.18341728052164566,0.18341728052164566
sci_journal_articles_slope,-0.1791188128567887,0.1791188128567887
investment_freedom_lag2,-0.17268348316366786,0.17268348316366786
govt_integrity_slope,-0.1675304290488383,0.1675304290488383
internet_pct_sp_lag1,-0.1670209996593458,0.1670209996593458
hightech_exports_pct_slope,-0.16315029786156054,0.16315029786156054
judicial_effectiveness_slope,0.15985466054884145,0.15985466054884145
rnd_pct_gdp_sp_lag1,0.15630857288301253,0.15630857288301253
infant_mortality_slope,-0.14541735411896617,0.14541735411896617
business_freedom_slope,0.13630491803996522,0.13630491803996522
score_roll3_std,0.1343689430048946,0.1343689430048946
hightech_exports_pct_lag1,-0.12642418748386663,0.12642418748386663
tourist_arrivals_lag2,-0.11977337460599528,0.11977337460599528
ict_patents_lag1,-0.10129651991248573,0.10129651991248573
fh_total_score_slope,-0.09993420087406414,0.09993420087406414
fh_status_num_slope,0.09007160912052231,0.09007160912052231
unesco_cultural_sites_lag2,0.0898794254815106,0.0898794254815106
ict_patents_slope,-0.08527286620418845,0.08527286620418845
momentum_5y,0.08467184559010398,0.08467184559010398
ict_patents_lag2,0.08120802443826929,0.08120802443826929
trade_pct_gdp_lag2,-0.08081724571818624,0.08081724571818624
fh_combined_score_slope,0.07861476109372678,0.07861476109372678
investment_freedom_slope,0.0774994264309526,0.0774994264309526
tourist_arrivals_lag1,-0.07244644976793044,0.07244644976793044
judicial_effectiveness_lag2,0.07169881840244459,0.07169881840244459
year_norm,-0.07063325545588772,0.07063325545588772
rnd_pct_gdp_sp_slope,0.06810941611175408,0.06810941611175408
ict_patents,0.058953492066157166,0.058953492066157166
life_expectancy_slope,0.05244683541581059,0.05244683541581059
rnd_pct_gdp_sp_lag2,-0.052359029254787866,0.052359029254787866
score_r2,0.0412419373641476,0.0412419373641476
hightech_exports_pct,0.03089530775242857,0.03089530775242857
tertiary_enroll_pct_slope,0.0308325608395799,0.0308325608395799
property_rights_slope,-0.02767690439709861,0.02767690439709861
trade_pct_gdp_slope,0.027428665677073787,0.027428665677073787
hightech_exports_pct_lag2,0.02473306409603738,0.02473306409603738
business_freedom_lag2,-0.020009854313700958,0.020009854313700958
infant_mortality_lag2,0.01672141791447814,0.01672141791447814
tourist_arrivals_slope,0.009884510501839035,0.009884510501839035
rd_researchers_per_mil_slope,-0.0020583232304321286,0.0020583232304321286
unesco_total_sites_slope,0.0,0.0
unesco_cultural_sites_slope,0.0,0.0
