kpi,mean_abs_shap,mean_shap,dimension,rank
score_roll3_mean,8.546446603015974,-0.8407904967372722,other,1
property_rights,1.521274053462796,0.560623643664129,governance,2
govt_integrity,1.0942518121300338,0.21980677810272486,governance,3
ict_patents,0.8104203175604873,0.09959487887163425,other,4
infant_mortality,0.7906555276740559,0.040211262131758636,human_dev,5
fh_combined_score,0.5590236951464106,-0.02793417808351053,governance,6
life_expectancy,0.46421622091625636,0.0705992074535179,human_dev,7
tertiary_enroll_pct,0.2291841410154065,-0.053496251562295774,human_dev,8
business_freedom,0.1818177016015047,-0.0305682871539226,governance,9
infant_mortality_lag1,0.18129533762332445,0.014182011232308627,other,10
rnd_pct_gdp_sp,0.17122711565532053,-0.0329739405284898,innovation,11
year_norm,0.16736798408203862,-0.04364289406498816,other,12
fh_status_num,0.16150240903011248,-0.020151296949287863,other,13
ai_publications,0.14962753927422828,0.02511486622073246,innovation,14
sci_journal_articles,0.13640051202076786,0.02434836637042789,innovation,15
fh_total_score,0.1214586307432483,0.021900776632931832,other,16
investment_freedom,0.1204477867748393,0.013717732021875706,trade,17
unesco_total_sites,0.11743036188524564,-0.018545389888323594,culture,18
rd_researchers_per_mil_slope,0.11346034294275142,0.05041315479690559,other,19
life_expectancy_lag1,0.11138946645955486,-0.003855129880686428,other,20
ai_publications_lag1,0.10450087590060715,0.014926431842497836,other,21
physicians_per_1k,0.09815902191656582,-0.03832003988456327,human_dev,22
judicial_effectiveness,0.09038749876374515,0.00982517542322429,governance,23
infant_mortality_lag2,0.08626319286825268,-0.056243513572200254,other,24
judicial_effectiveness_lag1,0.07868734464714777,-0.0035912812672134497,other,25
internet_pct_sp,0.07580587403503371,-0.007766301168407372,innovation,26
score_roll3_std,0.06974936853241862,-0.0010049468743955773,other,27
tertiary_enroll_pct_lag1,0.06715364748816732,-0.010755707052433625,other,28
sci_journal_articles_slope,0.06656105568146073,-0.01054277816046728,other,29
sci_journal_articles_lag1,0.06419191903388514,0.004712891843951904,other,30
score_volatility,0.06192927635933878,-0.01539307556505644,other,31
ai_publications_slope,0.06154078371889236,-0.012208888910550943,other,32
tourist_arrivals,0.05981527781486385,0.02102545179368863,culture,33
internet_pct_sp_slope,0.05598980299380621,0.005098571236854441,other,34
influence_growth,0.055258847672785306,-0.01747057362423119,other,35
govt_integrity_lag1,0.05503129380977117,-0.012183774265579145,other,36
govt_integrity_lag2,0.053339792710475516,0.003454321586732263,other,37
momentum_5y,0.050100355300269975,-0.00984137698432211,other,38
unesco_cultural_sites,0.04871910732662557,0.0007731418474099554,culture,39
hightech_exports_pct,0.045571988903304515,-0.004302705692271142,innovation,40
business_freedom_lag1,0.043829132354934915,-0.0015660338826039724,other,41
property_rights_lag1,0.041826134839366653,0.0051788601167943515,other,42
trade_pct_gdp_lag1,0.041715581963219006,0.013146403325091722,other,43
business_freedom_slope,0.0405336945730627,-0.0008501511758570662,other,44
internet_pct_sp_lag2,0.04021284423888744,0.010161598744094306,other,45
investment_freedom_lag2,0.03657798946368646,-0.006951174021577016,other,46
fh_combined_score_slope,0.03450114586509641,0.0003545185906275007,other,47
rd_researchers_per_mil,0.034253248875317235,0.014644123397611541,other,48
life_expectancy_lag2,0.033471645471149294,0.016535167819962022,other,49
judicial_effectiveness_slope,0.0330966577813964,0.0009069963209645197,other,50
judicial_effectiveness_lag2,0.030997899624639787,0.007833738364193621,other,51
rnd_pct_gdp_sp_lag2,0.03058212670686268,-0.007217521624289529,other,52
ict_patents_slope,0.029993033675245116,-0.010728448668141183,other,53
tourist_arrivals_lag2,0.029175892551661756,0.006047114931802727,other,54
internet_pct_sp_lag1,0.027444402437097407,-0.004816765780629957,other,55
tourist_arrivals_lag1,0.026009821083472006,-0.009106164580901426,other,56
property_rights_lag2,0.025968623096355448,0.004525971719093511,other,57
unesco_total_sites_lag1,0.025808854083001057,0.00961915119352598,other,58
trade_pct_gdp,0.025808205934423255,0.0007037698371910532,trade,59
score_slope,0.02466859519999541,-0.0020272802731681207,other,60
fh_total_score_slope,0.023768326792224483,-0.0014545422416644958,other,61
investment_freedom_slope,0.022323400799012585,-0.000838894419449598,other,62
ai_publications_lag2,0.022312578301168118,-0.0019116361074860283,other,63
hightech_exports_pct_lag1,0.021766056894862877,0.004494983188303303,other,64
trade_pct_gdp_lag2,0.020327569105514833,-0.0035407803724387316,other,65
govt_integrity_slope,0.019545107045869668,0.00043425852533609903,other,66
unesco_total_sites_lag2,0.019281780327422445,0.0029569552673431527,other,67
investment_freedom_lag1,0.017601512572755548,-0.00999907401304603,other,68
trade_pct_gdp_slope,0.01729030240350438,-0.006667974708068449,other,69
rnd_pct_gdp_sp_slope,0.01669529027698348,0.0017986582515704538,other,70
hightech_exports_pct_slope,0.014404634728285116,-0.0036475662741698184,other,71
business_freedom_lag2,0.01378368262289433,0.0038447025953509545,other,72
hightech_exports_pct_lag2,0.013254275616109592,0.0012599155142347348,other,73
tourist_arrivals_slope,0.012986238214351034,-0.0003328907652133617,other,74
fh_combined_score_lag1,0.01274319090928627,-0.002220047822177956,other,75
fh_combined_score_lag2,0.012633584343415886,0.0017977834353658363,other,76
score_r2,0.012366605932967156,0.00015271254655739355,other,77
property_rights_slope,0.012111491697549465,0.0009292130186887526,other,78
sci_journal_articles_lag2,0.011584702862501744,-0.0010304460249768571,other,79
physicians_per_1k_slope,0.011465473849464657,0.0010330434061269172,other,80
tertiary_enroll_pct_lag2,0.009561277227170754,0.0013624520715262017,other,81
unesco_cultural_sites_lag1,0.00944500400197407,-0.003988244358151007,other,82
rnd_pct_gdp_sp_lag1,0.005629622581005019,-0.00043924723612288674,other,83
physicians_per_1k_lag1,0.005166676086057539,-0.0008999986287924958,other,84
physicians_per_1k_lag2,0.004771466895432888,-0.0007704525493298943,other,85
unesco_cultural_sites_lag2,0.004389071211746536,-0.0012715017710920936,other,86
fh_status_num_slope,0.003967032352445161,-3.248301143995319e-05,other,87
life_expectancy_slope,0.00239847230642862,-0.00012411653532530586,other,88
tertiary_enroll_pct_slope,0.0012520656861519958,0.00011457578752346191,other,89
unesco_cultural_sites_slope,0.0,0.0,other,90
unesco_total_sites_slope,0.0,0.0,other,91
infant_mortality_slope,0.0,0.0,other,92
