iso3,canonical,data_year,score,ci_lower,ci_upper,ci_width,global_rank,regime,score_volatility,influence_growth,momentum_5y,volatility_tier
DEU,Germany,2023,87.06682,84.1985,89.935135,5.74,1,stable,1.0948902831018112,0.002073241581697172,1.3449999999999847,stable
FRA,France,2023,84.342224,81.47391,87.21054,5.74,2,stable,0.8196809557195026,0.003403092602366209,2.3378000000000156,stable
ITA,Italy,2023,84.02902,81.160706,86.89734,5.74,3,stable,1.790877096388594,0.0036384005240479144,4.4587999999999965,moderate
TWN,"Taiwan, Province of China",2023,83.63529,80.766975,86.50361,5.74,4,rising,1.2541085215633692,0.01168089174621587,3.9258000000000095,stable
ESP,Spain,2023,82.41015,79.54183,85.278465,5.74,5,stable,1.1522816589305296,0.0021374660056915212,2.6709999999999923,stable
GBR,United Kingdom,2023,81.750885,78.88257,84.6192,5.74,6,stable,0.8053648050991022,0.0018991080728404963,0.20940000000001646,stable
JPN,Japan,2023,79.32633,76.458015,82.19465,5.74,7,stable,0.6604992890929567,0.004233921347718877,0.9834000000000032,stable
USA,United States,2023,78.99763,76.12931,81.865944,5.74,8,stable,0.6197097527068606,1.4108475010960807e-05,0.5326000000000022,stable
AUS,Australia,2023,76.74523,73.876915,79.61355,5.74,9,stable,0.8696930344225354,0.0015108393007527462,1.246600000000015,stable
NLD,Netherlands,2024,75.44309,72.574776,78.31141,5.74,10,stable,1.0729233942588534,0.001609993838971124,-2.0964000000000027,stable
CAN,Canada,2023,74.7827,71.91438,77.65102,5.74,11,stable,0.8840820532576753,0.0008135659801984574,0.5849999999999795,stable
SWE,Sweden,2023,74.58333,71.71501,77.451645,5.74,12,stable,1.4900556655683375,0.0012813012575038011,0.0870000000000033,moderate
KOR,"Korea, Republic of",2023,74.34207,71.473755,77.21039,5.74,13,stable,0.8685359019017598,0.005260889361792782,2.6891999999999996,stable
CHE,Switzerland,2023,73.36581,70.49749,76.23412,5.74,14,stable,1.0164345049693622,0.0024963173282127,1.2072000000000145,stable
DNK,Denmark,2023,73.308266,70.43995,76.17658,5.74,15,stable,1.1975109604508853,0.0015532086412739492,0.4291999999999945,stable
NOR,Norway,2023,71.91388,69.04556,74.782196,5.74,16,stable,0.8115590432665304,0.0037745391877817116,0.8406000000000091,stable
FIN,Finland,2023,71.66957,68.801254,74.53789,5.74,17,stable,1.1126131264729917,0.0006968491934788001,0.5232000000000028,stable
AUT,Austria,2023,71.19476,68.32645,74.06308,5.74,18,stable,1.2309638233889286,0.002554771303067037,0.9150000000000063,stable
BEL,Belgium,2023,71.144424,68.27611,74.01274,5.74,19,stable,1.6043510660412514,0.0028125929613059225,1.3015999999999934,moderate
PRT,Portugal,2023,70.097565,67.22925,72.96588,5.74,20,stable,0.8469790662566116,0.0034268573504113043,2.119400000000013,stable
LIE,Liechtenstein,2023,69.81656,66.94824,72.684875,5.74,21,rising,4.605749032560572,0.015434982513964225,3.4055999999999926,volatile
GRC,Greece,2023,69.02493,66.15662,71.89325,5.74,22,stable,1.7130271954282954,0.0028400527973889886,4.1422000000000025,moderate
IRL,Ireland,2023,68.839615,65.9713,71.70793,5.74,23,stable,1.1853911915157287,0.0019012042951075442,0.8840000000000003,stable
SGP,Singapore,2023,68.599464,65.73115,71.46778,5.74,24,stable,1.0742719767788353,0.0014521744193109203,-0.6107999999999976,stable
NZL,New Zealand,2023,67.81727,64.94895,70.685585,5.74,25,stable,0.9695752277712606,0.0002481043772635727,-1.2952000000000083,stable
ISR,Israel,2023,67.762375,64.89406,70.63069,5.74,26,stable,1.1579425563937489,0.0023554656795942053,1.8659999999999854,stable
CHN,China,2023,67.72782,64.859505,70.59614,5.74,27,rising,3.06994803518036,0.009562995673677091,6.207999999999984,volatile
CZE,Czechia,2023,67.409195,64.54088,70.27751,5.74,28,stable,0.9738881319266973,0.004941319428133683,1.4505999999999943,stable
POL,Poland,2023,64.0665,61.198177,66.934814,5.74,29,stable,1.5195549483673483,0.0039971251801066195,0.21219999999998151,moderate
IND,India,2023,63.68067,60.81235,66.54899,5.74,30,rising,1.3871203527729339,0.007108523299056515,3.384200000000007,stable
LUX,Luxembourg,2023,63.315693,60.447372,66.18401,5.74,31,stable,1.5415668703377967,0.0023227504819245287,1.0406000000000262,moderate
CHL,Chile,2023,63.162426,60.294106,66.03075,5.74,32,stable,1.393214488396142,0.001146728721555379,0.31380000000001473,stable
ISL,Iceland,2023,63.022114,60.153793,65.890434,5.74,33,stable,1.6490347013561961,0.00033438467229363365,1.0875999999999948,moderate
EST,Estonia,2023,62.98418,60.11586,65.8525,5.74,34,stable,1.7895954044764069,0.005608507058199884,1.110200000000006,moderate
SVN,Slovenia,2023,61.546284,58.677963,64.414604,5.74,35,stable,1.528772509554395,0.004556650476416014,1.9061999999999983,moderate
LTU,Lithuania,2023,60.991096,58.122776,63.859417,5.74,36,rising,1.2953070121136496,0.0072225610996032846,0.9157999999999902,stable
BRA,Brazil,2023,60.779682,57.91136,63.648003,5.74,37,stable,0.5765784294372374,0.0035398401760119657,1.1554000000000144,stable
CYP,Cyprus,2023,60.611843,57.743523,63.480164,5.74,38,stable,1.6689677023837224,0.00243029190777199,2.1521999999999935,moderate
ROU,Romania,2023,59.978268,57.109947,62.84659,5.74,39,rising,1.3792172286872273,0.010653898471708527,2.883199999999995,stable
MEX,Mexico,2023,59.951405,57.083084,62.819725,5.74,40,stable,0.7332076611920856,0.001365713017485575,-0.19239999999999213,stable
SVK,Slovakia,2023,59.439922,56.5716,62.308243,5.74,41,stable,1.3930065080857368,0.005882215464401031,2.4043999999999954,stable
HRV,Croatia,2023,59.19546,56.32714,62.06378,5.74,42,rising,1.1957058376090213,0.00987030220260136,2.3844000000000065,stable
BHS,Bahamas,2023,58.68789,55.81957,61.55621,5.74,43,stable,3.033602644427403,-0.0002867878948405983,3.7050000000000125,volatile
MYS,Malaysia,2023,58.435307,55.566986,61.303627,5.74,44,rising,1.337328810887867,0.010780620848966032,0.30940000000000367,stable
MCO,Monaco,2023,58.373955,55.505634,61.242275,5.74,45,stable,9.932247695656752,0.02646033752503886,7.792799999999993,volatile
URY,Uruguay,2023,58.067448,55.199127,60.93577,5.74,46,stable,1.382333304914898,0.005967545499131623,0.5777999999999963,stable
LVA,Latvia,2023,58.04895,55.18063,60.91727,5.74,47,rising,1.6290379568416415,0.008315056456382863,2.1821999999999875,moderate
HUN,Hungary,2023,56.996853,54.128532,59.865173,5.74,48,stable,1.6477690681272466,-0.002155591988275269,0.983399999999996,moderate
BGR,Bulgaria,2023,56.73059,53.86227,59.59891,5.74,49,stable,1.4075991276255795,0.0054065543335325445,2.581800000000001,stable
MLT,Malta,2023,56.529034,53.660713,59.397354,5.74,50,stable,1.9897617745928302,0.004465325225934843,0.6990000000000052,moderate
BRN,Brunei Darussalam,2023,55.673306,52.804985,58.541626,5.74,51,rising,2.200505411126526,0.018325423676131495,5.2941999999999965,volatile
RUS,Russian Federation,2023,54.16955,51.30123,57.037872,5.74,52,stable,2.3859415535236295,0.0036827648593898508,1.9722000000000008,volatile
KWT,Kuwait,2023,53.769684,50.901363,56.638004,5.74,53,stable,1.990441925479793,-0.002944752065139301,1.7973999999999961,moderate
CRI,Costa Rica,2023,53.709244,50.840923,56.577564,5.74,54,stable,1.5086657902520828,0.005111808308513206,1.551000000000002,moderate
ARE,United Arab Emirates,2023,53.228107,50.359787,56.096428,5.74,55,stable,3.0945723429454843,0.005330417919363527,0.7547999999999959,volatile
TTO,Trinidad and Tobago,2023,53.06348,50.19516,55.9318,5.74,56,stable,1.7409577382490466,-0.0022736072073651324,1.3436000000000092,moderate
IDN,Indonesia,2023,52.540455,49.672134,55.408775,5.74,57,rising,1.6223385156381631,0.01440126050802617,3.715600000000002,moderate
SRB,Serbia,2023,52.427685,49.559364,55.296005,5.74,58,rising,6.204750943442446,0.021153032565832123,0.11840000000000828,volatile
ARG,Argentina,2023,52.30712,49.4388,55.17544,5.74,59,stable,2.4362156912972783,0.0017931896458964537,2.948599999999999,volatile
COL,Colombia,2023,52.149952,49.28163,55.018272,5.74,60,rising,1.2115105851660077,0.010137977323901468,1.4356000000000009,stable
SAU,Saudi Arabia,2023,52.08311,49.21479,54.95143,5.74,61,stable,2.2103853321153757,0.007970575341400242,2.7575999999999965,volatile
THA,Thailand,2023,51.736237,48.867916,54.604557,5.74,62,stable,2.3098453004409687,-0.0008912523417544058,2.081400000000002,volatile
MAR,Morocco,2023,51.52524,48.65692,54.393562,5.74,63,stable,0.9808669733062952,0.007863384265755217,1.7053999999999974,stable
TUN,Tunisia,2023,51.353928,48.485607,54.222248,5.74,64,rising,1.8000920465268564,0.008659949174645782,-0.5106000000000037,moderate
PER,Peru,2023,51.232086,48.363766,54.100407,5.74,65,stable,1.3989208235361543,0.005446912788806108,0.726399999999991,stable
MKD,North Macedonia,2023,51.03894,48.17062,53.90726,5.74,66,rising,2.1768970186559935,0.014608104927587228,0.3972000000000122,volatile
QAT,Qatar,2023,51.02272,48.1544,53.89104,5.74,67,rising,2.142816547652256,0.011578891005675898,-0.7935999999999979,volatile
MUS,Mauritius,2023,50.978603,48.110283,53.846924,5.74,68,stable,1.3867784374862864,0.004628663094007576,1.7952000000000012,stable
WSM,Samoa,2023,50.91561,48.04729,53.78393,5.74,69,stable,2.810445909948543,0.0035018386663268476,3.827600000000004,volatile
GEO,Georgia,2023,50.82504,47.95672,53.69336,5.74,70,rising,2.1864560973410785,0.01442851293836372,-0.7746000000000137,volatile
JOR,Jordan,2023,50.6126,47.744278,53.48092,5.74,71,stable,1.0963428117294178,0.004063567228063141,0.6285999999999987,stable
BTN,Bhutan,2023,50.549225,47.680904,53.417545,5.74,72,rising,1.1769116527280903,0.016359236736650733,3.393400000000007,stable
BRB,Barbados,2023,50.23836,47.37004,53.10668,5.74,73,stable,2.272772625048369,-0.0028232065204874643,-0.2533999999999992,volatile
SMR,San Marino,2023,49.642506,46.774185,52.510826,5.74,74,stable,10.450370124215443,0.02163070466047873,-8.3564,volatile
TUR,Türkiye,2023,49.47386,46.60554,52.342182,5.74,75,stable,2.2529534612216846,4.638024851872262e-05,-2.531400000000005,volatile
OMN,Oman,2023,49.255123,46.386803,52.123444,5.74,76,stable,1.232626935975483,0.006134931932039504,2.340999999999994,stable
ZAF,South Africa,2023,49.12315,46.25483,51.99147,5.74,77,stable,1.0554681235721544,-0.0003443826095386528,-0.33799999999999386,stable
LKA,Sri Lanka,2023,49.119617,46.251297,51.987938,5.74,78,stable,2.061762733555179,0.002237594703518982,1.730399999999996,volatile
IRN,"Iran, Islamic Republic of",2023,49.016136,46.147816,51.884457,5.74,79,rising,2.0355435416690937,0.009681856255448458,0.9692000000000078,volatile
VCT,Saint Vincent and the Grenadines,2023,48.713646,45.845325,51.581966,5.74,80,stable,2.4960991308719525,0.0017939965466320232,0.8907999999999987,volatile
STP,Sao Tome and Principe,2023,48.307316,45.438995,51.175636,5.74,81,rising,1.9725014866166737,0.03661735691688709,6.650399999999998,moderate
KAZ,Kazakhstan,2023,48.07676,45.20844,50.94508,5.74,82,rising,1.6914062318674339,0.016358444341916325,3.107999999999997,moderate
UKR,Ukraine,2023,47.85218,44.98386,50.7205,5.74,83,stable,1.531630202717656,0.004718362555993951,1.4296000000000006,moderate
PHL,Philippines,2023,47.80424,44.93592,50.67256,5.74,84,stable,2.661675459798271,0.008493681984592933,1.8603999999999914,volatile
PAN,Panama,2023,47.516968,44.648647,50.38529,5.74,85,stable,1.8672527430755264,0.0016443829831665061,0.06500000000000483,moderate
MNE,Montenegro,2023,47.5138,44.64548,50.382122,5.74,86,rising,5.119079624663325,0.022635170666918853,1.2622,volatile
TON,Tonga,2023,47.28075,44.41243,50.14907,5.74,87,rising,3.517189543986368,0.030161770064610436,7.330200000000005,volatile
ARM,Armenia,2023,47.076653,44.208332,49.944973,5.74,88,stable,1.7463030251010059,0.00760107421086636,2.5067999999999984,moderate
EGY,Egypt,2023,46.447617,43.579296,49.315937,5.74,89,stable,1.1373271718713662,0.004670440170414466,1.8517999999999972,stable
MDA,"Moldova, Republic of",2023,46.434845,43.566525,49.303165,5.74,90,stable,1.5697795274790363,0.003841329869324282,0.9266000000000076,moderate
BHR,Bahrain,2023,46.43293,43.56461,49.30125,5.74,91,stable,1.5150012744244448,-0.00038803362684846233,1.8619999999999948,moderate
ECU,Ecuador,2023,46.37906,43.51074,49.24738,5.74,92,stable,2.0910376113087206,0.008463815165108076,3.9257999999999953,volatile
JAM,Jamaica,2023,46.138924,43.270603,49.007244,5.74,93,stable,1.9830079340312199,0.003344715426925649,1.1143999999999963,moderate
XKX,Kosovo,2023,46.0193,43.150978,48.88762,5.74,94,rising,4.019446608629964,0.018123864275030637,-0.10580000000000211,volatile
VNM,Viet Nam,2023,45.773594,42.905273,48.641914,5.74,95,rising,2.1737208379755475,0.017762845187638557,-0.16440000000000055,volatile
MDV,Maldives,2023,45.71327,42.844948,48.58159,5.74,96,rising,1.538140433121657,0.010339623125227461,3.9950000000000045,moderate
MNG,Mongolia,2023,45.395454,42.527134,48.263775,5.74,97,stable,1.3668047890328294,0.004488492049253556,1.7065999999999946,stable
ALB,Albania,2023,45.137646,42.269325,48.005966,5.74,98,rising,1.595844190543758,0.012369495463848322,1.2342000000000013,moderate
BIH,Bosnia and Herzegovina,2023,45.134518,42.266197,48.00284,5.74,99,rising,2.13163656846817,0.015496639087039781,1.3882000000000119,volatile
BWA,Botswana,2023,44.9896,42.12128,47.85792,5.74,100,stable,1.2642382454633723,-0.000513410429453291,0.11119999999999663,stable
GRD,Grenada,2023,44.96238,42.09406,47.8307,5.74,101,stable,1.429671256652347,0.001602078816143264,0.9686000000000092,moderate
LCA,Saint Lucia,2023,44.867725,41.999405,47.736046,5.74,102,rising,6.872115343492604,0.029130130621672405,-0.2336000000000027,volatile
DZA,Algeria,2023,44.81878,41.95046,47.6871,5.74,103,stable,1.3123951644578369,0.0019350013575820482,1.7260000000000062,stable
FSM,"Micronesia, Federated States of",2023,44.708065,41.839745,47.576385,5.74,104,rising,3.8064321686460834,0.020424649307438144,7.3063999999999965,volatile
SYC,Seychelles,2023,44.012756,41.144436,46.881077,5.74,105,rising,1.870163671052117,0.01100089627751085,4.335999999999984,moderate
BGD,Bangladesh,2023,43.724167,40.855846,46.592487,5.74,106,stable,1.1801200577777011,0.009693171769220802,2.3134000000000015,stable
GHA,Ghana,2023,43.611237,40.742916,46.479557,5.74,107,stable,1.701530183298834,0.00823867501084942,0.6948000000000008,moderate
GUY,Guyana,2023,43.46856,40.60024,46.33688,5.74,108,stable,2.263178593197564,0.004084221079633261,3.3330000000000126,volatile
CPV,Cabo Verde,2023,43.170918,40.302597,46.039238,5.74,109,rising,2.820217508229305,0.00988418345749023,0.5325999999999951,volatile
LBN,Lebanon,2023,43.000416,40.132095,45.868736,5.74,110,stable,1.397391355215405,0.007778016018291205,0.30219999999999203,stable
VUT,Vanuatu,2023,42.692833,39.824512,45.561153,5.74,111,stable,2.019062482750582,0.009318165372199028,1.041400000000003,volatile
NAM,Namibia,2023,42.648243,39.779922,45.516563,5.74,112,stable,2.4732252444686305,0.004193127967825708,1.8385999999999996,volatile
BLR,Belarus,2023,42.50355,39.63523,45.371872,5.74,113,stable,2.5826968554415566,0.004795411786939806,-0.34839999999999804,volatile
AZE,Azerbaijan,2023,42.21182,39.3435,45.08014,5.74,114,rising,1.6250587817155369,0.010964367421742432,1.9600000000000009,moderate
PRY,Paraguay,2023,42.03022,39.1619,44.89854,5.74,115,stable,1.4638128746215058,0.008830385237237396,0.6839999999999904,moderate
NPL,Nepal,2023,42.01082,39.142498,44.87914,5.74,116,rising,1.4835087983146298,0.012552532488823919,2.5877999999999943,moderate
DMA,Dominica,2023,41.838913,38.970592,44.707233,5.74,117,stable,4.936864731062576,0.008016992878586903,-1.0628000000000029,volatile
CUB,Cuba,2023,41.82857,38.96025,44.69689,5.74,118,stable,1.470073787410265,0.008355511093289766,2.242199999999997,moderate
DOM,Dominican Republic,2023,41.634228,38.765907,44.50255,5.74,119,stable,1.1165136824818684,0.004988430411370904,2.0067999999999984,stable
KIR,Kiribati,2023,41.22465,38.35633,44.09297,5.74,120,rising,2.063728105955933,0.019962599189233134,3.6336000000000013,volatile
NRU,Nauru,2022,41.148563,38.280243,44.016884,5.74,121,stable,17.741876283606775,-0.04875639864265197,-19.99000000000001,volatile
KEN,Kenya,2023,41.10321,38.23489,43.97153,5.74,122,stable,1.7460894500304616,0.006321147937146782,2.7438000000000002,moderate
SEN,Senegal,2023,41.09337,38.225048,43.96169,5.74,123,stable,1.2309724385091794,0.005613727337754018,0.17660000000000053,stable
BLZ,Belize,2023,40.964493,38.096172,43.832813,5.74,124,stable,2.3576363731304473,-0.00035343101798816177,2.0611999999999924,volatile
PLW,Palau,2023,40.95962,38.0913,43.82794,5.74,125,declining,3.8410351192353134,-0.015548538120119387,-3.425999999999995,volatile
FJI,Fiji,2023,40.877,38.00868,43.74532,5.74,126,rising,2.703742674095128,0.01362589287180543,2.3595999999999933,volatile
PAK,Pakistan,2023,40.871944,38.003624,43.740265,5.74,127,stable,0.9678379417427877,0.009982290973840213,0.8312000000000026,stable
ATG,Antigua and Barbuda,2023,40.828087,37.959766,43.696407,5.74,128,rising,4.883379136277603,0.0246143030139942,-2.4425999999999988,volatile
TLS,Timor-Leste,2023,40.497013,37.628693,43.365334,5.74,129,rising,1.701673661428663,0.026868047117903894,3.6944000000000017,moderate
UZB,Uzbekistan,2023,40.459015,37.590694,43.327335,5.74,130,stable,3.257952096696506,0.011746111590382895,7.254000000000005,volatile
IRQ,Iraq,2023,40.296097,37.427776,43.164417,5.74,131,rising,2.5039026840698932,0.018388392080151708,1.9032000000000053,volatile
ETH,Ethiopia,2023,39.46627,36.59795,42.33459,5.74,132,stable,1.5214298711409635,0.00621845435480041,3.4207999999999927,moderate
RWA,Rwanda,2023,38.799576,35.931255,41.667896,5.74,133,rising,2.239557168253774,0.03203485829977589,1.4476000000000013,volatile
SLB,Solomon Islands,2023,38.69348,35.82516,41.561802,5.74,134,rising,1.527419668569781,0.022145096754381415,2.209600000000009,moderate
ZMB,Zambia,2023,38.58649,35.71817,41.45481,5.74,135,stable,1.138692719758394,0.0029753994820575754,-1.0884,stable
SUR,Suriname,2023,38.517944,35.649624,41.386265,5.74,136,stable,1.0744923361433416,0.006385647924161844,2.452999999999996,stable
HND,Honduras,2023,37.20391,34.33559,40.07223,5.74,137,stable,1.543358043787337,0.0033523010068012963,0.5675999999999988,moderate
SLV,El Salvador,2023,36.82431,33.95599,39.69263,5.74,138,stable,1.5641488396224632,-0.0024050932281007107,-2.7009999999999934,moderate
AND,Andorra,2023,36.765823,33.897503,39.634144,5.74,139,stable,1.448170227110348,0.00477301521781969,0.41440000000000055,moderate
GTM,Guatemala,2023,36.742058,33.873737,39.61038,5.74,140,stable,1.6076784139583713,0.005009102862381306,0.11160000000000281,moderate
MHL,Marshall Islands,2023,36.72913,33.86081,39.59745,5.74,141,stable,2.944468757762764,3.9366032715810084e-05,-1.2235999999999976,volatile
LSO,Lesotho,2023,36.7262,33.85788,39.59452,5.74,142,stable,2.3720297964596315,0.005215600964032855,-0.4655999999999949,volatile
TZA,"Tanzania, United Republic of",2023,36.028023,33.159702,38.896343,5.74,143,stable,1.1854233127971998,0.0030628490123586643,0.6535999999999973,stable
MWI,Malawi,2023,35.891724,33.023403,38.760044,5.74,144,stable,1.2308719908947607,0.0025740137035373243,0.3621999999999943,stable
BOL,"Bolivia, Plurinational State of",2023,35.6104,32.74208,38.47872,5.74,145,stable,1.9062466203188255,-0.00700874791960793,1.1531999999999982,moderate
TGO,Togo,2023,35.23291,32.36459,38.10123,5.74,146,rising,1.936986602646173,0.020972469415063755,0.22060000000000457,moderate
KNA,Saint Kitts and Nevis,2023,35.21586,32.347538,38.08418,5.74,147,rising,1.973753498654477,0.02103563240914812,-0.40339999999999776,moderate
UGA,Uganda,2023,34.834827,31.966507,37.703148,5.74,148,stable,1.118201318491855,0.0015467313400513727,1.6122000000000014,stable
KGZ,Kyrgyzstan,2023,34.340446,31.472126,37.208767,5.74,149,stable,1.8917656108188787,0.006201096868605674,-2.3842,moderate
NGA,Nigeria,2023,34.26908,31.40076,37.1374,5.74,150,stable,1.281113097703592,0.008010907596182849,0.32440000000000424,stable
KHM,Cambodia,2023,34.152355,31.284035,37.020676,5.74,151,stable,0.9921195194128594,0.003920565316842412,1.0111999999999952,stable
SWZ,Eswatini,2023,33.754845,30.886524,36.623165,5.74,152,stable,1.325838866854719,0.005350102628537873,-0.1758000000000024,stable
MDG,Madagascar,2023,33.528248,30.659927,36.39657,5.74,153,stable,1.2752009746039177,-0.004871513963627187,-0.8850000000000122,stable
LBY,Libya,2023,33.508503,30.640182,36.376823,5.74,154,stable,1.404022917805504,0.012432929025197985,2.057800000000004,stable
BEN,Benin,2023,33.507187,30.638866,36.375507,5.74,155,stable,1.7077481039166096,0.004842083913646799,-2.483399999999996,moderate
GMB,Gambia,2023,33.448765,30.580444,36.317085,5.74,156,stable,2.180553726627182,0.011409507573343709,3.380799999999997,volatile
LBR,Liberia,2023,32.938404,30.070084,35.806725,5.74,157,stable,3.045760462019912,0.010588450637362247,-2.3094000000000037,volatile
CIV,Côte d'Ivoire,2023,32.225163,29.356842,35.093483,5.74,158,rising,3.9671287118480523,0.020213608885258028,-2.303599999999996,volatile
BFA,Burkina Faso,2023,32.126408,29.258087,34.994728,5.74,159,stable,1.3965738182809029,0.005293820820892501,-1.731199999999994,stable
CMR,Cameroon,2023,31.735786,28.867466,34.604107,5.74,160,stable,1.0437647575815334,0.00921540640720143,2.1720000000000006,stable
PNG,Papua New Guinea,2023,31.119965,28.251644,33.988285,5.74,161,stable,3.43953934571273,-0.0035560705535039434,0.20300000000001006,volatile
SYR,Syrian Arab Republic,2023,30.754683,27.886362,33.623,5.74,162,stable,2.1854133114602585,-0.0006347923126298919,0.15840000000000032,volatile
TJK,Tajikistan,2023,30.574093,27.705772,33.442413,5.74,163,stable,1.8294014582581186,0.004927839542405578,0.16740000000000066,moderate
DJI,Djibouti,2023,30.322372,27.454052,33.190693,5.74,164,stable,1.8288161646014862,0.006812991654591241,1.2639999999999958,moderate
TUV,Tuvalu,2023,30.184345,27.316025,33.052666,5.74,165,rising,7.639731733057704,0.04938393883800164,7.787400000000002,volatile
NIC,Nicaragua,2023,30.0883,27.21998,32.95662,5.74,166,stable,1.2910654727364879,-0.007663300392540129,-3.6794000000000047,stable
LAO,Lao People's Democratic Republic,2023,29.881756,27.013435,32.750076,5.74,167,rising,1.5838282484197144,0.021852749957401395,-0.2967999999999975,moderate
MMR,Myanmar,2023,29.809801,26.94148,32.67812,5.74,168,rising,2.941487438757688,0.02455051904862959,-0.17739999999999867,volatile
ZWE,Zimbabwe,2023,29.531523,26.663202,32.39984,5.74,169,stable,2.5507455720420866,0.007895302430052882,1.1459999999999972,volatile
MOZ,Mozambique,2023,29.071547,26.203226,31.939867,5.74,170,stable,1.6689919026673656,-0.000634705799078723,-2.2487999999999992,moderate
GAB,Gabon,2023,29.005758,26.137438,31.874079,5.74,171,stable,0.820834339362651,-0.005391376006323866,-1.4795999999999978,stable
SLE,Sierra Leone,2023,28.997057,26.128736,31.865377,5.74,172,rising,1.9751288580826374,0.026199546269157787,1.482999999999997,moderate
NER,Niger,2023,28.428417,25.560097,31.296738,5.74,173,stable,1.4476462826682148,0.008914285437321862,-0.3166000000000011,moderate
MLI,Mali,2023,27.928154,25.059834,30.796474,5.74,174,stable,1.8454278611664094,-0.006741440406972911,-2.734400000000001,moderate
GIN,Guinea,2023,27.089642,24.221321,29.957962,5.74,175,stable,2.153427800343516,0.009435284625436965,-0.799000000000003,volatile
MRT,Mauritania,2023,27.05035,24.18203,29.91867,5.74,176,stable,1.9100733317537641,0.004946983912614402,0.6030000000000015,moderate
SDN,Sudan,2023,26.797281,23.92896,29.665602,5.74,177,stable,1.6178903733043135,0.0058883336396996465,0.4253999999999998,moderate
BDI,Burundi,2023,26.35632,23.487999,29.22464,5.74,178,stable,2.4348363733051674,0.0022387191286018645,-1.6830000000000034,volatile
COM,Comoros,2023,26.340376,23.472055,29.208696,5.74,179,stable,1.9976515510682282,0.006372390150577423,-2.6838000000000015,volatile
AGO,Angola,2023,25.863708,22.995388,28.732029,5.74,180,stable,0.7324395784793954,0.018126729371799027,1.2488000000000028,stable
SSD,South Sudan,2023,24.85152,21.9832,27.719841,5.74,181,rising,1.5218785917536752,0.039023930577834695,5.067399999999999,moderate
COG,Congo,2023,24.07788,21.20956,26.946201,5.74,182,stable,1.5437514058841313,7.64714446469767e-05,-0.7443999999999988,moderate
PRK,"Korea, Democratic People's Republic of",2023,24.019043,21.150723,26.887363,5.74,183,stable,1.881137721993724,0.018640491967908127,1.2683999999999997,moderate
VEN,"Venezuela, Bolivarian Republic of",2023,22.47236,19.60404,25.340681,5.74,184,declining,2.015792036518723,-0.028803574356235595,-8.963600000000003,volatile
COD,"Congo, The Democratic Republic of the",2023,22.404514,19.536194,25.272835,5.74,185,stable,1.7771800354753882,0.011954945226137534,-1.2567999999999984,moderate
AFG,Afghanistan,2023,21.907639,19.039318,24.775959,5.74,186,stable,1.8296940289057504,-0.010325875217033306,-2.622600000000002,moderate
GNB,Guinea-Bissau,2023,21.694708,18.826387,24.563028,5.74,187,stable,1.9490674804436774,0.01095342254152983,-0.9605999999999995,moderate
TKM,Turkmenistan,2023,21.159086,18.290766,24.027407,5.74,188,stable,2.0408769695403004,0.0064277324969707955,1.6594000000000015,volatile
HTI,Haiti,2023,20.554667,17.686346,23.422987,5.74,189,stable,2.3908350709516304,0.013853614942791904,-3.177800000000005,volatile
YEM,Yemen,2023,20.028542,17.160221,22.896862,5.74,190,stable,3.1720099702821267,-0.008860880132162647,-5.075000000000003,volatile
ERI,Eritrea,2023,19.733675,16.865355,22.601995,5.74,191,stable,2.0962186179587574,1.9847424000826855e-05,1.1242000000000054,volatile
TCD,Chad,2023,18.99041,16.12209,21.85873,5.74,192,stable,2.0418885302506666,0.006701776531361038,-0.22859999999999658,volatile
GNQ,Equatorial Guinea,2023,15.726319,12.858,18.594639,5.74,193,stable,1.821660132710735,0.005569364438603934,-1.0985999999999976,moderate
CAF,Central African Republic,2023,13.588588,10.720268,16.456907,5.74,194,stable,2.1899319865167484,-0.01608381009617334,-2.1031999999999993,volatile
SOM,Somalia,2023,12.191674,9.323355,15.059994,5.74,195,stable,3.57930314925757,0.0005317895914280621,-2.631599999999999,volatile
