feature,importance
score_roll3_mean,26.05551528930664
property_rights,6.887542724609375
infant_mortality,6.880602836608887
infant_mortality_lag1,5.790116786956787
ict_patents,4.649002552032471
govt_integrity,3.989016056060791
life_expectancy,3.9112863540649414
life_expectancy_lag1,3.8775954246520996
fh_combined_score,3.8252768516540527
tertiary_enroll_pct_lag1,3.468672037124634
tertiary_enroll_pct,2.8225631713867188
fh_status_num,2.8139212131500244
unesco_total_sites,2.734147548675537
rd_researchers_per_mil_slope,2.6161410808563232
unesco_cultural_sites_lag2,2.455721616744995
unesco_total_sites_lag1,2.445500135421753
physicians_per_1k_slope,2.4173896312713623
unesco_cultural_sites,2.2161476612091064
physicians_per_1k_lag1,2.186150550842285
year_norm,2.1287550926208496
life_expectancy_lag2,2.1075661182403564
judicial_effectiveness_slope,2.1008589267730713
rd_researchers_per_mil,2.092165946960449
influence_growth,2.031731367111206
business_freedom_slope,2.022489070892334
score_slope,2.0072598457336426
fh_combined_score_lag1,2.00272274017334
physicians_per_1k,1.982001781463623
sci_journal_articles,1.975151777267456
momentum_5y,1.8975294828414917
ai_publications_slope,1.8799405097961426
sci_journal_articles_slope,1.870544672012329
judicial_effectiveness_lag1,1.8405784368515015
fh_total_score,1.8376855850219727
score_r2,1.819483757019043
tertiary_enroll_pct_lag2,1.813839077949524
property_rights_slope,1.795983910560608
investment_freedom_slope,1.794058084487915
infant_mortality_lag2,1.787339687347412
business_freedom,1.7859933376312256
internet_pct_sp_slope,1.7654776573181152
fh_combined_score_lag2,1.7575740814208984
ai_publications_lag2,1.728692889213562
investment_freedom,1.722622036933899
ai_publications_lag1,1.7207326889038086
score_volatility,1.70707368850708
ict_patents_slope,1.6839985847473145
property_rights_lag1,1.680928111076355
physicians_per_1k_lag2,1.6784768104553223
property_rights_lag2,1.6676220893859863
trade_pct_gdp_slope,1.663283348083496
judicial_effectiveness,1.662631630897522
fh_combined_score_slope,1.6512821912765503
sci_journal_articles_lag1,1.6508885622024536
tourist_arrivals_slope,1.6428732872009277
score_roll3_std,1.6246892213821411
govt_integrity_lag1,1.616032361984253
judicial_effectiveness_lag2,1.6147586107254028
fh_status_num_slope,1.596555471420288
govt_integrity_slope,1.5930287837982178
fh_total_score_slope,1.5928906202316284
investment_freedom_lag2,1.5760234594345093
internet_pct_sp_lag1,1.5505836009979248
rnd_pct_gdp_sp_slope,1.531378149986267
infant_mortality_slope,1.5161304473876953
business_freedom_lag1,1.4997906684875488
govt_integrity_lag2,1.4969912767410278
sci_journal_articles_lag2,1.4939138889312744
hightech_exports_pct_slope,1.4810494184494019
hightech_exports_pct_lag1,1.4775768518447876
investment_freedom_lag1,1.4656956195831299
unesco_cultural_sites_lag1,1.4633023738861084
ai_publications,1.4481767416000366
trade_pct_gdp_lag1,1.4442123174667358
rnd_pct_gdp_sp_lag2,1.436225414276123
tourist_arrivals_lag2,1.4335840940475464
hightech_exports_pct_lag2,1.4263042211532593
tourist_arrivals_lag1,1.418844223022461
internet_pct_sp_lag2,1.3953349590301514
rnd_pct_gdp_sp_lag1,1.3806259632110596
business_freedom_lag2,1.3756474256515503
tourist_arrivals,1.3599029779434204
trade_pct_gdp_lag2,1.3529340028762817
hightech_exports_pct,1.3302773237228394
internet_pct_sp,1.2941144704818726
rnd_pct_gdp_sp,1.2887831926345825
life_expectancy_slope,1.2554305791854858
trade_pct_gdp,1.218387246131897
unesco_total_sites_lag2,1.213590145111084
tertiary_enroll_pct_slope,1.0964815616607666
